<FTL>
<!--
\\\\\\\\\\\\\\\\\\\\\\\\\\\\\\\\\\\\\\\\\\\\\\\\\\\\\\\\\\\\\\\\\\\\\\\\\\\\\\\\\\\\\\\\\\\\\\\\\\\\\\\\\\\\\\\\\\\\\\\\\\\\\\\\\\\\\\
\\\\\\\\\\\\\\\\\\\\\\\\\\\\\\\\\\\\\\\\\\\\\\\\\\\\\\\\\\\\\\\\\\\\\\\\\\\\\\\\\\\\\\\\\\\\\\\\\\\\\\\\\\\\\\\\\\\\\\\\\\\\\\\\\\\\\\
					SLIMER
\\\\\\\\\\\\\\\\\\\\\\\\\\\\\\\\\\\\\\\\\\\\\\\\\\\\\\\\\\\\\\\\\\\\\\\\\\\\\\\\\\\\\\\\\\\\\\\\\\\\\\\\\\\\\\\\\\\\\\\\\\\\\\\\\\\\\\
\\\\\\\\\\\\\\\\\\\\\\\\\\\\\\\\\\\\\\\\\\\\\\\\\\\\\\\\\\\\\\\\\\\\\\\\\\\\\\\\\\\\\\\\\\\\\\\\\\\\\\\\\\\\\\\\\\\\\\\\\\\\\\\\\\\\\\
-->	

<ship name="FR_SHIP_APPARITION_SLIMER" auto_blueprint="FR_APPARITION_SLIMER">
	<destroyed load="FR_HAUNT_APPARITION_SLIMER_DESTROYED"/>
	<deadCrew load="FR_HAUNT_APPARITION_SLIMER_DEADCREW"/>
</ship>

<event name="FR_HAUNT_APPARITION_SLIMER">
	<preventQuest/>
	<preventFleet/>
	<quest>
		<nebulaBeacon>false</nebulaBeacon>
		<aggressive>2</aggressive>
	</quest>
	<beaconType id="map_icon_fr_slimer_apparition" global="true">
		<color r="54" g="255" b="0" a="1.0"/>
	</beaconType>
	<text>You reach the spot specified by the urn, and as expected a ship is here to greet you, one of a design wholly unique. The ship hails you.
	
	"Oh goodnesss, looksss like sssomeone hasss woken usss up from our ssslumber! Boysss and girlsss, give this little nosssy renegade a little tassste of why I pay you guysss so much! Arm the nebula cannonsss!"</text>
	<playSound>ghostDeath</playSound>
	<variable name="loc_fr_slimer_apparition_progress" op="set" val="0"/>
	<ship load="FR_SHIP_APPARITION_SLIMER" hostile="true"/> 
		<choice hidden="true">
			<text>Prepare to fight!</text>
				<event>
					<text>Realizing there's no way out of here without a fight, you turn on your weapons and engage the ship.</text>
						<choice hidden="true">
							<text>Continue...</text>
								<event load="COMBAT_CHECK"/>
						</choice>
				</event>
		</choice>
</event>

<event name="FR_HAUNT_APPARITION_SLIMER_DESTROYED">
	<text>The mighty vessel has been eliminated! Within its wreckage remains plenty of scrap and supplies for the taking.</text>
	<autoReward level="HIGH">standard_no_item</autoReward>
	<metaVariable name="prof_fr_slimer_apparition_killed" op="set" val="1"/>
	<variable name="loc_fr_slimer_apparition_killed" op="set" val="1"/>
	<choice hidden="true">
		<text>Continue...</text>
		<event load="FR_HAUNT_APPARITION_SLIMER_DROP_CHANCE"/>
	</choice>
</event>

<eventList name="FR_HAUNT_APPARITION_SLIMER_DROP_CHANCE">
	<event>
		<text>You find the remains of a unique weapon model among the ruins of the ship, but it appears it did not survive the fight. You'll have to be more careful next time, or get lucky. Fortunately, there's still a bit more supplies to take with you.</text>
		<autoReward level="LOW">standard_no_item</autoReward>
	</event>
	<event load="FR_HAUNT_APPARITION_SLIMER_DROP"/>
</eventList>

<event name="FR_HAUNT_APPARITION_SLIMER_DEADCREW">
	<text>The mighty vessel has been vanquished! Within the now cleared cruiser, plenty of scrap and supplies remain for the taking.</text>
	<autoReward level="HIGH">standard_no_item</autoReward>
	<metaVariable name="prof_fr_slimer_apparition_killed" op="set" val="1"/>
	<variable name="loc_fr_slimer_apparition_killed" op="set" val="1"/>
	<choice hidden="true">
		<text>Continue...</text>
		<event load="FR_HAUNT_APPARITION_SLIMER_DROP"/>
	</choice>
</event>

<event name="FR_HAUNT_APPARITION_SLIMER_DROP">
	<text>You're also surprised to find a special haunted gun among the wreckage! You've never seen anything even remotely to something like this before, so you assume it's from a cluster unlike yours.</text>
	<achievement silent="false">ACH_FR_APPARITION_SLIMER</achievement>
	<autoReward level="LOW">standard_no_item</autoReward>
	<weapon name="FR_SLIMER_NEBULA_STIMULANTS"/>
</event>

<!--
\\\\\\\\\\\\\\\\\\\\\\\\\\\\\\\\\\\\\\\\\\\\\\\\\\\\\\\\\\\\\\\\\\\\\\\\\\\\\\\\\\\\\\\\\\\\\\\\\\\\\\\\\\\\\\\\\\\\\\\\\\\\\\\\\\\\\\
\\\\\\\\\\\\\\\\\\\\\\\\\\\\\\\\\\\\\\\\\\\\\\\\\\\\\\\\\\\\\\\\\\\\\\\\\\\\\\\\\\\\\\\\\\\\\\\\\\\\\\\\\\\\\\\\\\\\\\\\\\\\\\\\\\\\\\
					PHYS
\\\\\\\\\\\\\\\\\\\\\\\\\\\\\\\\\\\\\\\\\\\\\\\\\\\\\\\\\\\\\\\\\\\\\\\\\\\\\\\\\\\\\\\\\\\\\\\\\\\\\\\\\\\\\\\\\\\\\\\\\\\\\\\\\\\\\\
\\\\\\\\\\\\\\\\\\\\\\\\\\\\\\\\\\\\\\\\\\\\\\\\\\\\\\\\\\\\\\\\\\\\\\\\\\\\\\\\\\\\\\\\\\\\\\\\\\\\\\\\\\\\\\\\\\\\\\\\\\\\\\\\\\\\\\
-->	

<ship name="FR_SHIP_APPARITION_PHYS" auto_blueprint="FR_APPARITION_PHYS">
	<destroyed load="FR_HAUNT_APPARITION_PHYS_DESTROYED"/>
	<deadCrew load="FR_HAUNT_APPARITION_PHYS_DEADCREW"/>
</ship>

<event name="FR_HAUNT_APPARITION_PHYS">
	<preventQuest/>
	<preventFleet/>
	<quest>
		<nebulaBeacon>false</nebulaBeacon>
		<aggressive>2</aggressive>
	</quest>
	<beaconType id="map_icon_fr_phys_apparition" global="true">
		<color r="0" g="255" b="255" a="1.0"/>
	</beaconType>
	<text>You reach the spot specified by the urn, and as expected a ship is here to greet you, one of a design wholly unique. The ship hails you.
	
	"IONIC GASSES! SHELL GASSES! ION ION ION! HEEELP!"</text>
	<playSound>ghostDeath</playSound>
	<variable name="loc_fr_phys_apparition_progress" op="set" val="0"/>
	<ship load="FR_SHIP_APPARITION_PHYS" hostile="true"/> 
		<choice hidden="true">
			<text>Prepare to fight!</text>
				<event>
					<text>Realizing there's no way out of here without a fight, you turn on your weapons and engage the ship.</text>
						<choice hidden="true">
							<text>Continue...</text>
								<event load="COMBAT_CHECK"/>
						</choice>
				</event>
		</choice>
</event>

<event name="FR_HAUNT_APPARITION_PHYS_DESTROYED">
	<text>The mighty vessel has been eliminated! Within its wreckage remains plenty of scrap and supplies for the taking.</text>
	<autoReward level="HIGH">standard_no_item</autoReward>
	<metaVariable name="prof_fr_phys_apparition_killed" op="set" val="1"/>
	<variable name="loc_fr_phys_apparition_killed" op="set" val="1"/>
	<choice hidden="true">
		<text>Continue...</text>
		<event load="FR_HAUNT_APPARITION_PHYS_DROP_CHANCE"/>
	</choice>
</event>

<eventList name="FR_HAUNT_APPARITION_PHYS_DROP_CHANCE">
	<event>
		<text>You find the remains of a unique weapon model among the ruins of the ship, but it appears it did not survive the fight. You'll have to be more careful next time, or get lucky. Fortunately, there's still a bit more supplies to take with you.</text>
		<autoReward level="LOW">standard_no_item</autoReward>
	</event>
	<event load="FR_HAUNT_APPARITION_PHYS_DROP"/>
</eventList>

<event name="FR_HAUNT_APPARITION_PHYS_DEADCREW">
	<text>The mighty vessel has been vanquished! Within the now cleared cruiser, plenty of scrap and supplies remain for the taking.</text>
	<autoReward level="HIGH">standard_no_item</autoReward>
	<metaVariable name="prof_fr_phys_apparition_killed" op="set" val="1"/>
	<variable name="loc_fr_phys_apparition_killed" op="set" val="1"/>
	<choice hidden="true">
		<text>Continue...</text>
		<event load="FR_HAUNT_APPARITION_PHYS_DROP"/>
	</choice>
</event>

<event name="FR_HAUNT_APPARITION_PHYS_DROP">
	<text>You're also surprised to find a special haunted gun among the wreckage! You've never seen anything even remotely to something like this before, so you assume it's from a cluster unlike yours.</text>
	<achievement silent="false">ACH_FR_APPARITION_PHYS</achievement>
	<autoReward level="LOW">standard_no_item</autoReward>
	<weapon name="FR_PHYS_ION_PINPOINT"/>
</event>

<!--
\\\\\\\\\\\\\\\\\\\\\\\\\\\\\\\\\\\\\\\\\\\\\\\\\\\\\\\\\\\\\\\\\\\\\\\\\\\\\\\\\\\\\\\\\\\\\\\\\\\\\\\\\\\\\\\\\\\\\\\\\\\\\\\\\\\\\\
\\\\\\\\\\\\\\\\\\\\\\\\\\\\\\\\\\\\\\\\\\\\\\\\\\\\\\\\\\\\\\\\\\\\\\\\\\\\\\\\\\\\\\\\\\\\\\\\\\\\\\\\\\\\\\\\\\\\\\\\\\\\\\\\\\\\\\
					ALEENOR
\\\\\\\\\\\\\\\\\\\\\\\\\\\\\\\\\\\\\\\\\\\\\\\\\\\\\\\\\\\\\\\\\\\\\\\\\\\\\\\\\\\\\\\\\\\\\\\\\\\\\\\\\\\\\\\\\\\\\\\\\\\\\\\\\\\\\\
\\\\\\\\\\\\\\\\\\\\\\\\\\\\\\\\\\\\\\\\\\\\\\\\\\\\\\\\\\\\\\\\\\\\\\\\\\\\\\\\\\\\\\\\\\\\\\\\\\\\\\\\\\\\\\\\\\\\\\\\\\\\\\\\\\\\\\
-->	

<ship name="FR_SHIP_APPARITION_ALEENOR" auto_blueprint="FR_APPARITION_ALEENOR">
	<destroyed load="FR_HAUNT_APPARITION_ALEENOR_DESTROYED"/>
	<deadCrew load="FR_HAUNT_APPARITION_ALEENOR_DEADCREW"/>
</ship>

<event name="FR_HAUNT_APPARITION_ALEENOR">
	<preventQuest/>
	<preventFleet/>
	<quest>
		<nebulaBeacon>false</nebulaBeacon>
		<aggressive>2</aggressive>
	</quest>
	<beaconType id="map_icon_fr_aleenor_apparition" global="true">
		<color r="255" g="0" b="255" a="1.0"/>
	</beaconType>
	<text>You reach the spot specified by the urn, and as expected a ship is here to greet you, one of a design wholly unique. The ship hails you.
	
	"Oh fantastic! New renegade experiment! I have been waiting to test this new pheromone concoction for long time! Stronger than dumb free mantis, faster than normal pheromones, sharper than big suzerain pheromones!"</text>
	<playSound>ghostDeath</playSound>
	<variable name="loc_fr_aleenor_apparition_progress" op="set" val="0"/>
	<ship load="FR_SHIP_APPARITION_ALEENOR" hostile="true"/> 
		<choice hidden="true">
			<text>Prepare to fight!</text>
				<event>
					<text>Realizing there's no way out of here without a fight, you turn on your weapons and engage the ship.</text>
						<choice hidden="true">
							<text>Continue...</text>
								<event load="COMBAT_CHECK"/>
						</choice>
				</event>
		</choice>
</event>

<event name="FR_HAUNT_APPARITION_ALEENOR_DESTROYED">
	<text>The mighty vessel has been eliminated! Within its wreckage remains plenty of scrap and supplies for the taking.</text>
	<autoReward level="HIGH">standard_no_item</autoReward>
	<metaVariable name="prof_fr_aleenor_apparition_killed" op="set" val="1"/>
	<variable name="loc_fr_aleenor_apparition_killed" op="set" val="1"/>
	<choice hidden="true">
		<text>Continue...</text>
		<event load="FR_HAUNT_APPARITION_ALEENOR_DROP_CHANCE"/>
	</choice>
</event>

<eventList name="FR_HAUNT_APPARITION_ALEENOR_DROP_CHANCE">
	<event>
		<text>You find the remains of a unique weapon model among the ruins of the ship, but it appears it did not survive the fight. You'll have to be more careful next time, or get lucky. Fortunately, there's still a bit more supplies to take with you.</text>
		<autoReward level="LOW">standard_no_item</autoReward>
	</event>
	<event load="FR_HAUNT_APPARITION_ALEENOR_DROP"/>
</eventList>

<event name="FR_HAUNT_APPARITION_ALEENOR_DEADCREW">
	<text>The mighty vessel has been vanquished! Within the now cleared cruiser, plenty of scrap and supplies remain for the taking.</text>
	<autoReward level="HIGH">standard_no_item</autoReward>
	<metaVariable name="prof_fr_aleenor_apparition_killed" op="set" val="1"/>
	<variable name="loc_fr_aleenor_apparition_killed" op="set" val="1"/>
	<choice hidden="true">
		<text>Continue...</text>
		<event load="FR_HAUNT_APPARITION_ALEENOR_DROP"/>
	</choice>
</event>

<event name="FR_HAUNT_APPARITION_ALEENOR_DROP">
	<text>You're also surprised to find a special haunted gun among the wreckage! You've never seen anything even remotely to something like this before, so you assume it's from a cluster unlike yours.</text>
	<achievement silent="false">ACH_FR_APPARITION_ALEENOR</achievement>
	<autoReward level="LOW">standard_no_item</autoReward>
	<weapon name="FR_ALEENOR_BIO_LIGHT_LASER"/>
</event>

<!--
\\\\\\\\\\\\\\\\\\\\\\\\\\\\\\\\\\\\\\\\\\\\\\\\\\\\\\\\\\\\\\\\\\\\\\\\\\\\\\\\\\\\\\\\\\\\\\\\\\\\\\\\\\\\\\\\\\\\\\\\\\\\\\\\\\\\\\
\\\\\\\\\\\\\\\\\\\\\\\\\\\\\\\\\\\\\\\\\\\\\\\\\\\\\\\\\\\\\\\\\\\\\\\\\\\\\\\\\\\\\\\\\\\\\\\\\\\\\\\\\\\\\\\\\\\\\\\\\\\\\\\\\\\\\\
					VIN
\\\\\\\\\\\\\\\\\\\\\\\\\\\\\\\\\\\\\\\\\\\\\\\\\\\\\\\\\\\\\\\\\\\\\\\\\\\\\\\\\\\\\\\\\\\\\\\\\\\\\\\\\\\\\\\\\\\\\\\\\\\\\\\\\\\\\\
\\\\\\\\\\\\\\\\\\\\\\\\\\\\\\\\\\\\\\\\\\\\\\\\\\\\\\\\\\\\\\\\\\\\\\\\\\\\\\\\\\\\\\\\\\\\\\\\\\\\\\\\\\\\\\\\\\\\\\\\\\\\\\\\\\\\\\
-->	

<ship name="FR_SHIP_APPARITION_VIN" auto_blueprint="FR_APPARITION_VIN">
	<destroyed load="FR_HAUNT_APPARITION_VIN_DESTROYED"/>
	<deadCrew load="FR_HAUNT_APPARITION_VIN_DEADCREW"/>
</ship>

<event name="FR_HAUNT_APPARITION_VIN">
	<preventQuest/>
	<preventFleet/>
	<quest>
		<nebulaBeacon>false</nebulaBeacon>
		<aggressive>2</aggressive>
	</quest>
	<beaconType id="map_icon_fr_vin_apparition" global="true">
		<color r="255" g="125" b="0" a="1.0"/>
	</beaconType>
	<text>You reach the spot specified by the urn, and as expected a ship is here to greet you, one of a design wholly unique. The ship hails you.
	
	"So...cold....I...I can't feel the heat...anymore...your ship... L E T... M E... I N!"</text>
	<playSound>ghostDeath</playSound>
	<variable name="loc_fr_vin_apparition_progress" op="set" val="0"/>
	<ship load="FR_SHIP_APPARITION_VIN" hostile="true"/> 
		<choice hidden="true">
			<text>Prepare to fight!</text>
				<event>
					<text>Realizing there's no way out of here without a fight, you turn on your weapons and engage the ship.</text>
						<choice hidden="true">
							<text>Continue...</text>
								<event load="COMBAT_CHECK"/>
						</choice>
				</event>
		</choice>
</event>

<event name="FR_HAUNT_APPARITION_VIN_DESTROYED">
	<text>The mighty vessel has been eliminated! Within its wreckage remains plenty of scrap and supplies for the taking.</text>
	<autoReward level="HIGH">standard_no_item</autoReward>
	<metaVariable name="prof_fr_vin_apparition_killed" op="set" val="1"/>
	<variable name="loc_fr_vin_apparition_killed" op="set" val="1"/>
	<choice hidden="true">
		<text>Continue...</text>
		<event load="FR_HAUNT_APPARITION_VIN_DROP_CHANCE"/>
	</choice>
</event>

<eventList name="FR_HAUNT_APPARITION_VIN_DROP_CHANCE">
	<event>
		<text>You find the remains of a unique weapon model among the ruins of the ship, but it appears it did not survive the fight. You'll have to be more careful next time, or get lucky. Fortunately, there's still a bit more supplies to take with you.</text>
		<autoReward level="LOW">standard_no_item</autoReward>
	</event>
	<event load="FR_HAUNT_APPARITION_VIN_DROP"/>
</eventList>

<event name="FR_HAUNT_APPARITION_VIN_DEADCREW">
	<text>The mighty vessel has been vanquished! Within the now cleared cruiser, plenty of scrap and supplies remain for the taking.</text>
	<autoReward level="HIGH">standard_no_item</autoReward>
	<metaVariable name="prof_fr_vin_apparition_killed" op="set" val="1"/>
	<variable name="loc_fr_vin_apparition_killed" op="set" val="1"/>
	<choice hidden="true">
		<text>Continue...</text>
		<event load="FR_HAUNT_APPARITION_VIN_DROP"/>
	</choice>
</event>

<event name="FR_HAUNT_APPARITION_VIN_DROP">
	<text>You're also surprised to find a special haunted gun among the wreckage! You've never seen anything even remotely to something like this before, so you assume it's from a cluster unlike yours.</text>
	<achievement silent="false">ACH_FR_APPARITION_VIN</achievement>
	<autoReward level="LOW">standard_no_item</autoReward>
	<weapon name="FR_VIN_FROST_MISSILE"/>
</event>

<!--
\\\\\\\\\\\\\\\\\\\\\\\\\\\\\\\\\\\\\\\\\\\\\\\\\\\\\\\\\\\\\\\\\\\\\\\\\\\\\\\\\\\\\\\\\\\\\\\\\\\\\\\\\\\\\\\\\\\\\\\\\\\\\\\\\\\\\\
\\\\\\\\\\\\\\\\\\\\\\\\\\\\\\\\\\\\\\\\\\\\\\\\\\\\\\\\\\\\\\\\\\\\\\\\\\\\\\\\\\\\\\\\\\\\\\\\\\\\\\\\\\\\\\\\\\\\\\\\\\\\\\\\\\\\\\
					CLEO
\\\\\\\\\\\\\\\\\\\\\\\\\\\\\\\\\\\\\\\\\\\\\\\\\\\\\\\\\\\\\\\\\\\\\\\\\\\\\\\\\\\\\\\\\\\\\\\\\\\\\\\\\\\\\\\\\\\\\\\\\\\\\\\\\\\\\\
\\\\\\\\\\\\\\\\\\\\\\\\\\\\\\\\\\\\\\\\\\\\\\\\\\\\\\\\\\\\\\\\\\\\\\\\\\\\\\\\\\\\\\\\\\\\\\\\\\\\\\\\\\\\\\\\\\\\\\\\\\\\\\\\\\\\\\
-->	

<ship name="FR_SHIP_APPARITION_CLEO" auto_blueprint="FR_APPARITION_CLEO">
	<destroyed load="FR_HAUNT_APPARITION_CLEO_DESTROYED"/>
	<deadCrew load="FR_HAUNT_APPARITION_CLEO_DEADCREW"/>
</ship>

<event name="FR_HAUNT_APPARITION_CLEO">
	<preventQuest/>
	<preventFleet/>
	<quest>
		<nebulaBeacon>false</nebulaBeacon>
		<aggressive>2</aggressive>
	</quest>
	<beaconType id="map_icon_fr_cleo_apparition" global="true">
		<color r="0" g="0" b="255" a="1.0"/>
	</beaconType>
	<text>You reach the spot specified by the urn, and as expected a ship is here to greet you, one of a design wholly unique. The ship hails you.
	
	"What the hell? What is a filthy federation ship doing here?! You tried to ask for help by leading us to a fed ship, didn't you?! You useless freak! I knew we should have murdered you back when we took your piece of crap cruiser, now get your ass moving!"
	
	You suddenly hear the sound of a loud shock and someone screaming in pain.</text>
	<playSound>ghostDeath</playSound>
	<variable name="loc_fr_cleo_apparition_progress" op="set" val="0"/>
	<ship load="FR_SHIP_APPARITION_CLEO" hostile="true"/> 
		<choice hidden="true">
			<text>Prepare to fight!</text>
				<event>
					<text>Realizing there's no way out of here without a fight, you turn on your weapons and engage the ship.</text>
						<choice hidden="true">
							<text>Continue...</text>
								<event load="COMBAT_CHECK"/>
						</choice>
				</event>
		</choice>
</event>

<event name="FR_HAUNT_APPARITION_CLEO_DESTROYED">
	<text>The mighty vessel has been eliminated! Within its wreckage remains plenty of scrap and supplies for the taking.</text>
	<autoReward level="HIGH">standard_no_item</autoReward>
	<metaVariable name="prof_fr_cleo_apparition_killed" op="set" val="1"/>
	<variable name="loc_fr_cleo_apparition_killed" op="set" val="1"/>
	<choice hidden="true">
		<text>Continue...</text>
		<event load="FR_HAUNT_APPARITION_CLEO_DROP_CHANCE"/>
	</choice>
</event>

<eventList name="FR_HAUNT_APPARITION_CLEO_DROP_CHANCE">
	<event>
		<text>You find the remains of a unique weapon model among the ruins of the ship, but it appears it did not survive the fight. You'll have to be more careful next time, or get lucky. Fortunately, there's still a bit more supplies to take with you.</text>
		<autoReward level="LOW">standard_no_item</autoReward>
	</event>
	<event load="FR_HAUNT_APPARITION_CLEO_DROP"/>
</eventList>

<event name="FR_HAUNT_APPARITION_CLEO_DEADCREW">
	<text>The mighty vessel has been vanquished! Within the now cleared cruiser, plenty of scrap and supplies remain for the taking.</text>
	<autoReward level="HIGH">standard_no_item</autoReward>
	<metaVariable name="prof_fr_cleo_apparition_killed" op="set" val="1"/>
	<variable name="loc_fr_cleo_apparition_killed" op="set" val="1"/>
	<choice hidden="true">
		<text>Continue...</text>
		<event load="FR_HAUNT_APPARITION_CLEO_DROP"/>
	</choice>
</event>

<event name="FR_HAUNT_APPARITION_CLEO_DROP">
	<text>You're also surprised to find a special haunted drone among the wreckage! You've never seen anything even remotely to something like this before, so you assume it's from a cluster unlike yours.</text>
	<achievement silent="false">ACH_FR_APPARITION_CLEO</achievement>
	<autoReward level="LOW">standard_no_item</autoReward>
	<drone name="FR_CLEO_SPAWN_ANTI_PERSONNEL"/>
</event>

<!--
\\\\\\\\\\\\\\\\\\\\\\\\\\\\\\\\\\\\\\\\\\\\\\\\\\\\\\\\\\\\\\\\\\\\\\\\\\\\\\\\\\\\\\\\\\\\\\\\\\\\\\\\\\\\\\\\\\\\\\\\\\\\\\\\\\\\\\
\\\\\\\\\\\\\\\\\\\\\\\\\\\\\\\\\\\\\\\\\\\\\\\\\\\\\\\\\\\\\\\\\\\\\\\\\\\\\\\\\\\\\\\\\\\\\\\\\\\\\\\\\\\\\\\\\\\\\\\\\\\\\\\\\\\\\\
					ZULU
\\\\\\\\\\\\\\\\\\\\\\\\\\\\\\\\\\\\\\\\\\\\\\\\\\\\\\\\\\\\\\\\\\\\\\\\\\\\\\\\\\\\\\\\\\\\\\\\\\\\\\\\\\\\\\\\\\\\\\\\\\\\\\\\\\\\\\
\\\\\\\\\\\\\\\\\\\\\\\\\\\\\\\\\\\\\\\\\\\\\\\\\\\\\\\\\\\\\\\\\\\\\\\\\\\\\\\\\\\\\\\\\\\\\\\\\\\\\\\\\\\\\\\\\\\\\\\\\\\\\\\\\\\\\\
-->	

<ship name="FR_SHIP_APPARITION_ZULU" auto_blueprint="FR_APPARITION_ZULU">
	<destroyed load="FR_HAUNT_APPARITION_ZULU_DESTROYED"/>
	<deadCrew load="FR_HAUNT_APPARITION_ZULU_DEADCREW"/>
</ship>

<event name="FR_HAUNT_APPARITION_ZULU">
	<preventQuest/>
	<preventFleet/>
	<quest>
		<nebulaBeacon>false</nebulaBeacon>
		<aggressive>2</aggressive>
	</quest>
	<beaconType id="map_icon_fr_zulu_apparition" global="true">
		<color r="255" g="255" b="0" a="1.0"/>
	</beaconType>
	<text>You reach the spot specified by the urn, and as expected a ship is here to greet you, one of a design wholly unique. The ship hails you.
	
	"Renegade, let me tell you the fundamental truth of the universe. There is no light, there is no warmth or salvation, only death and darkness. Don't resist it and don't fight it, for it will only make the pain worse..."</text>
	<playSound>ghostDeath</playSound>
	<variable name="loc_fr_zulu_apparition_progress" op="set" val="0"/>
	<ship load="FR_SHIP_APPARITION_ZULU" hostile="true"/> 
		<choice hidden="true">
			<text>Prepare to fight!</text>
				<event>
					<text>Realizing there's no way out of here without a fight, you turn on your weapons and engage the ship.</text>
						<choice hidden="true">
							<text>Continue...</text>
								<event load="COMBAT_CHECK"/>
						</choice>
				</event>
		</choice>
</event>

<event name="FR_HAUNT_APPARITION_ZULU_DESTROYED">
	<text>The mighty vessel has been eliminated! Within its wreckage remains plenty of scrap and supplies for the taking.</text>
	<autoReward level="HIGH">standard_no_item</autoReward>
	<metaVariable name="prof_fr_zulu_apparition_killed" op="set" val="1"/>
	<variable name="loc_fr_zulu_apparition_killed" op="set" val="1"/>
	<choice hidden="true">
		<text>Continue...</text>
		<event load="FR_HAUNT_APPARITION_ZULU_DROP_CHANCE"/>
	</choice>
</event>

<eventList name="FR_HAUNT_APPARITION_ZULU_DROP_CHANCE">
	<event>
		<text>You find the remains of a unique weapon model among the ruins of the ship, but it appears it did not survive the fight. You'll have to be more careful next time, or get lucky. Fortunately, there's still a bit more supplies to take with you.</text>
		<autoReward level="LOW">standard_no_item</autoReward>
	</event>
	<event load="FR_HAUNT_APPARITION_ZULU_DROP"/>
</eventList>

<event name="FR_HAUNT_APPARITION_ZULU_DEADCREW">
	<text>The mighty vessel has been vanquished! Within the now cleared cruiser, plenty of scrap and supplies remain for the taking.</text>
	<autoReward level="HIGH">standard_no_item</autoReward>
	<metaVariable name="prof_fr_zulu_apparition_killed" op="set" val="1"/>
	<variable name="loc_fr_zulu_apparition_killed" op="set" val="1"/>
	<choice hidden="true">
		<text>Continue...</text>
		<event load="FR_HAUNT_APPARITION_ZULU_DROP"/>
	</choice>
</event>

<event name="FR_HAUNT_APPARITION_ZULU_DROP">
	<text>You're also surprised to find a special haunted gun among the wreckage! You've never seen anything even remotely to something like this before, so you assume it's from a cluster unlike yours.</text>
	<achievement silent="false">ACH_FR_APPARITION_ZULU</achievement>
	<autoReward level="LOW">standard_no_item</autoReward>
	<weapon name="FR_ZULU_SHADOW_PINPOINT"/>
</event>

<!--
\\\\\\\\\\\\\\\\\\\\\\\\\\\\\\\\\\\\\\\\\\\\\\\\\\\\\\\\\\\\\\\\\\\\\\\\\\\\\\\\\\\\\\\\\\\\\\\\\\\\\\\\\\\\\\\\\\\\\\\\\\\\\\\\\\\\\\
\\\\\\\\\\\\\\\\\\\\\\\\\\\\\\\\\\\\\\\\\\\\\\\\\\\\\\\\\\\\\\\\\\\\\\\\\\\\\\\\\\\\\\\\\\\\\\\\\\\\\\\\\\\\\\\\\\\\\\\\\\\\\\\\\\\\\\
					G
\\\\\\\\\\\\\\\\\\\\\\\\\\\\\\\\\\\\\\\\\\\\\\\\\\\\\\\\\\\\\\\\\\\\\\\\\\\\\\\\\\\\\\\\\\\\\\\\\\\\\\\\\\\\\\\\\\\\\\\\\\\\\\\\\\\\\\
\\\\\\\\\\\\\\\\\\\\\\\\\\\\\\\\\\\\\\\\\\\\\\\\\\\\\\\\\\\\\\\\\\\\\\\\\\\\\\\\\\\\\\\\\\\\\\\\\\\\\\\\\\\\\\\\\\\\\\\\\\\\\\\\\\\\\\
-->	

<ship name="FR_SHIP_APPARITION_G" auto_blueprint="FR_APPARITION_G">
	<destroyed load="FR_HAUNT_APPARITION_G_DESTROYED"/>
	<deadCrew load="FR_HAUNT_APPARITION_G_DEADCREW"/>
</ship>

<event name="FR_HAUNT_APPARITION_G">
	<preventQuest/>
	<preventFleet/>
	<quest>
		<nebulaBeacon>false</nebulaBeacon>
		<aggressive>2</aggressive>
	</quest>
	<beaconType id="map_icon_fr_g_apparition" global="true">
		<color r="255" g="0" b="0" a="1.0"/>
	</beaconType>
	<text>You reach the spot specified by the urn, and as expected a ship is here to greet you, one of a design wholly unique. The ship hails you.
	
	"Ohoho! A new target dummy! Perfect! Renegade, my name is G of the royal city Liythkyk Yuk! Prepare for your last living moments, staring at my perfect energy shields!"</text>
	<playSound>ghostDeath</playSound>
	<variable name="loc_fr_g_apparition_progress" op="set" val="0"/>
	<ship load="FR_SHIP_APPARITION_G" hostile="true"/> 
		<choice hidden="true">
			<text>Prepare to fight!</text>
				<event>
					<text>Realizing there's no way out of here without a fight, you turn on your weapons and engage the ship.</text>
						<choice hidden="true">
							<text>Continue...</text>
								<event load="COMBAT_CHECK"/>
						</choice>
				</event>
		</choice>
</event>

<event name="FR_HAUNT_APPARITION_G_DESTROYED">
	<text>The mighty vessel has been eliminated! Within its wreckage remains plenty of scrap and supplies for the taking.</text>
	<autoReward level="HIGH">standard_no_item</autoReward>
	<metaVariable name="prof_fr_g_apparition_killed" op="set" val="1"/>
	<variable name="loc_fr_g_apparition_killed" op="set" val="1"/>
	<choice hidden="true">
		<text>Continue...</text>
		<event load="FR_HAUNT_APPARITION_G_DROP_CHANCE"/>
	</choice>
</event>

<eventList name="FR_HAUNT_APPARITION_G_DROP_CHANCE">
	<event>
		<text>You find the remains of a unique weapon model among the ruins of the ship, but it appears it did not survive the fight. You'll have to be more careful next time, or get lucky. Fortunately, there's still a bit more supplies to take with you.</text>
		<autoReward level="LOW">standard_no_item</autoReward>
	</event>
	<event load="FR_HAUNT_APPARITION_G_DROP"/>
</eventList>

<event name="FR_HAUNT_APPARITION_G_DEADCREW">
	<text>The mighty vessel has been vanquished! Within the now cleared cruiser, plenty of scrap and supplies remain for the taking.</text>
	<autoReward level="HIGH">standard_no_item</autoReward>
	<metaVariable name="prof_fr_g_apparition_killed" op="set" val="1"/>
	<variable name="loc_fr_g_apparition_killed" op="set" val="1"/>
	<choice hidden="true">
		<text>Continue...</text>
		<event load="FR_HAUNT_APPARITION_G_DROP"/>
	</choice>
</event>

<event name="FR_HAUNT_APPARITION_G_DROP">
	<text>You're also surprised to find a special haunted gun among the wreckage! You've never seen anything even remotely to something like this before, so you assume it's from a cluster unlike yours.</text>
	<achievement silent="false">ACH_FR_APPARITION_G</achievement>
	<autoReward level="LOW">standard_no_item</autoReward>
	<weapon name="FR_G_EROSION_BEAM"/>
</event>

<!--
\\\\\\\\\\\\\\\\\\\\\\\\\\\\\\\\\\\\\\\\\\\\\\\\\\\\\\\\\\\\\\\\\\\\\\\\\\\\\\\\\\\\\\\\\\\\\\\\\\\\\\\\\\\\\\\\\\\\\\\\\\\\\\\\\\\\\\
\\\\\\\\\\\\\\\\\\\\\\\\\\\\\\\\\\\\\\\\\\\\\\\\\\\\\\\\\\\\\\\\\\\\\\\\\\\\\\\\\\\\\\\\\\\\\\\\\\\\\\\\\\\\\\\\\\\\\\\\\\\\\\\\\\\\\\
					DEADSHIP
\\\\\\\\\\\\\\\\\\\\\\\\\\\\\\\\\\\\\\\\\\\\\\\\\\\\\\\\\\\\\\\\\\\\\\\\\\\\\\\\\\\\\\\\\\\\\\\\\\\\\\\\\\\\\\\\\\\\\\\\\\\\\\\\\\\\\\
\\\\\\\\\\\\\\\\\\\\\\\\\\\\\\\\\\\\\\\\\\\\\\\\\\\\\\\\\\\\\\\\\\\\\\\\\\\\\\\\\\\\\\\\\\\\\\\\\\\\\\\\\\\\\\\\\\\\\\\\\\\\\\\\\\\\\\
-->	

<ship name="FR_SHIP_APPARITION_DEADSHIP" auto_blueprint="FR_APPARITION_DEADSHIP">
	<destroyed load="FR_HAUNT_APPARITION_DEADSHIP_DESTROYED"/>
	<deadCrew load="FR_HAUNT_APPARITION_DEADSHIP_DEADCREW"/>
</ship>

<event name="FR_HAUNT_APPARITION_DEADSHIP">
	<preventQuest/>
	<preventFleet/>
	<quest>
		<nebulaBeacon>false</nebulaBeacon>
		<aggressive>2</aggressive>
	</quest>
	<beaconType id="map_icon_fr_deadship_apparition" global="true">
		<color r="255" g="100" b="100" a="1.0"/>
	</beaconType>
	<text>You reach the spot specified by the urn, and as expected a ship is here to greet you, one of a design wholly unique. The ship hails you.
	
	"You will all fall! Life will be extinguished from this mortal plane, and only the dammed will roam the earth! Fall and despair, mortals!"</text>
	<playSound>ghostDeath</playSound>
	<variable name="loc_fr_deadship_apparition_progress" op="set" val="0"/>
	<ship load="FR_SHIP_APPARITION_DEADSHIP" hostile="true"/> 
		<choice hidden="true">
			<text>Prepare to fight!</text>
				<event>
					<text>Realizing there's no way out of here without a fight, you turn on your weapons and engage the ship.</text>
						<choice hidden="true">
							<text>Continue...</text>
								<event load="COMBAT_CHECK"/>
						</choice>
				</event>
		</choice>
</event>

<event name="FR_HAUNT_APPARITION_DEADSHIP_DESTROYED">
	<text>The mighty vessel has been eliminated! Within its wreckage remains plenty of scrap and supplies for the taking.</text>
	<autoReward level="HIGH">standard_no_item</autoReward>
	<metaVariable name="prof_fr_deadship_apparition_killed" op="set" val="1"/>
	<variable name="loc_fr_deadship_apparition_killed" op="set" val="1"/>
	<choice hidden="true">
		<text>Continue...</text>
		<event load="FR_HAUNT_APPARITION_DEADSHIP_DROP"/>
	</choice>
</event>

<event name="FR_HAUNT_APPARITION_DEADSHIP_DEADCREW">
	<text>The mighty vessel has been vanquished! Within the now cleared cruiser, plenty of scrap and supplies remain for the taking.</text>
	<autoReward level="HIGH">standard_no_item</autoReward>
	<metaVariable name="prof_fr_deadship_apparition_killed" op="set" val="1"/>
	<variable name="loc_fr_deadship_apparition_killed" op="set" val="1"/>
	<choice hidden="true">
		<text>Continue...</text>
		<event load="FR_HAUNT_APPARITION_DEADSHIP_DROP"/>
	</choice>
</event>

<event name="FR_HAUNT_APPARITION_DEADSHIP_DROP">
	<text>You're also surprised to find a special haunted gun among the wreckage! You've never seen anything even remotely to something like this before, so you assume it's from a cluster unlike yours.</text>
	<achievement silent="false">ACH_FR_APPARITION_DEADSHIP</achievement>
	<unlockCustomShip silent="false">PLAYER_SHIP_FR_HAUNT_FLAGSHIP</unlockCustomShip>
	<autoReward level="HIGH">scrap_only</autoReward>
	<weapon name="FR_DEADSHIP_RAINBOW_ION"/>
</event>

<!--
\\\\\\\\\\\\\\\\\\\\\\\\\\\\\\\\\\\\\\\\\\\\\\\\\\\\\\\\\\\\\\\\\\\\\\\\\\\\\\\\\\\\\\\\\\\\\\\\\\\\\\\\\\\\\\\\\\\\\\\\\\\\\\\\\\\\\\
\\\\\\\\\\\\\\\\\\\\\\\\\\\\\\\\\\\\\\\\\\\\\\\\\\\\\\\\\\\\\\\\\\\\\\\\\\\\\\\\\\\\\\\\\\\\\\\\\\\\\\\\\\\\\\\\\\\\\\\\\\\\\\\\\\\\\\
					SMOKE
\\\\\\\\\\\\\\\\\\\\\\\\\\\\\\\\\\\\\\\\\\\\\\\\\\\\\\\\\\\\\\\\\\\\\\\\\\\\\\\\\\\\\\\\\\\\\\\\\\\\\\\\\\\\\\\\\\\\\\\\\\\\\\\\\\\\\\
\\\\\\\\\\\\\\\\\\\\\\\\\\\\\\\\\\\\\\\\\\\\\\\\\\\\\\\\\\\\\\\\\\\\\\\\\\\\\\\\\\\\\\\\\\\\\\\\\\\\\\\\\\\\\\\\\\\\\\\\\\\\\\\\\\\\\\
-->	

<ship name="FR_SHIP_APPARITION_SMOKE" auto_blueprint="FR_APPARITION_SMOKE">
	<destroyed load="FR_HAUNT_APPARITION_SMOKE_DESTROYED"/>
	<deadCrew load="FR_HAUNT_APPARITION_SMOKE_DEADCREW"/>
</ship>

<event name="FR_HAUNT_APPARITION_SMOKE">
	<preventQuest/>
	<preventFleet/>
	<quest>
		<nebulaBeacon>false</nebulaBeacon>
		<aggressive>2</aggressive>
	</quest>
	<beaconType id="map_icon_fr_smoke_apparition" global="true">
		<color r="90" g="90" b="90" a="1.0"/>
	</beaconType>
	<text>You reach the spot specified by the urn, and as expected a ship is here to greet you, one of a design wholly unique. The ship hails you.
	 
	"I don't need weapons or drones to beat you! Just my mere presence is enough to break your bones into splinters and shatter your spirit into so many pieces that you will be a living husk by the end of this!"</text>
	<playSound>ghostDeath</playSound>
	<variable name="loc_fr_smoke_apparition_progress" op="set" val="0"/>
	<ship load="FR_SHIP_APPARITION_SMOKE" hostile="true"/> 
		<choice hidden="true">
			<text>Prepare to fight!</text>
				<event>
					<text>Realizing there's no way out of here without a fight, you turn on your weapons and engage the ship.</text>
						<choice hidden="true">
							<text>Continue...</text>
								<event load="COMBAT_CHECK"/>
						</choice>
				</event>
		</choice>
</event>

<event name="FR_HAUNT_APPARITION_SMOKE_DESTROYED">
	<text>The mighty vessel has been eliminated! Within its wreckage remains plenty of scrap and supplies for the taking.</text>
	<autoReward level="HIGH">standard_no_item</autoReward>
	<metaVariable name="prof_fr_smoke_apparition_killed" op="set" val="1"/>
	<variable name="loc_fr_smoke_apparition_killed" op="set" val="1"/>
	<choice hidden="true">
		<text>Continue...</text>
		<event load="FR_HAUNT_APPARITION_SMOKE_DROP_CHANCE"/>
	</choice>
</event>

<eventList name="FR_HAUNT_APPARITION_SMOKE_DROP_CHANCE">
	<event>
		<text>You find the remains of a unique weapon model among the ruins of the ship, but it appears it did not survive the fight. You'll have to be more careful next time, or get lucky. Fortunately, there's still a bit more supplies to take with you.</text>
		<autoReward level="LOW">standard_no_item</autoReward>
	</event>
	<event load="FR_HAUNT_APPARITION_SMOKE_DROP"/>
</eventList>

<event name="FR_HAUNT_APPARITION_SMOKE_DEADCREW">
	<text>The mighty vessel has been vanquished! Within the now cleared cruiser, plenty of scrap and supplies remain for the taking.</text>
	<autoReward level="HIGH">standard_no_item</autoReward>
	<metaVariable name="prof_fr_smoke_apparition_killed" op="set" val="1"/>
	<variable name="loc_fr_smoke_apparition_killed" op="set" val="1"/>
	<choice hidden="true">
		<text>Continue...</text>
		<event load="FR_HAUNT_APPARITION_SMOKE_DROP"/>
	</choice>
</event>

<event name="FR_HAUNT_APPARITION_SMOKE_DROP">
	<text>You're also surprised to find a special haunted gun among the wreckage! You've never seen anything even remotely to something like this before, so you assume it's from a cluster unlike yours.</text>
	<achievement silent="false">ACH_FR_APPARITION_SMOKE</achievement>
	<autoReward level="LOW">standard_no_item</autoReward>
	<weapon name="FR_SMOKE_PRO_HULL_CRYSTAL"/>
</event>

<!--
\\\\\\\\\\\\\\\\\\\\\\\\\\\\\\\\\\\\\\\\\\\\\\\\\\\\\\\\\\\\\\\\\\\\\\\\\\\\\\\\\\\\\\\\\\\\\\\\\\\\\\\\\\\\\\\\\\\\\\\\\\\\\\\\\\\\\\
\\\\\\\\\\\\\\\\\\\\\\\\\\\\\\\\\\\\\\\\\\\\\\\\\\\\\\\\\\\\\\\\\\\\\\\\\\\\\\\\\\\\\\\\\\\\\\\\\\\\\\\\\\\\\\\\\\\\\\\\\\\\\\\\\\\\\\
					CHILLS
\\\\\\\\\\\\\\\\\\\\\\\\\\\\\\\\\\\\\\\\\\\\\\\\\\\\\\\\\\\\\\\\\\\\\\\\\\\\\\\\\\\\\\\\\\\\\\\\\\\\\\\\\\\\\\\\\\\\\\\\\\\\\\\\\\\\\\
\\\\\\\\\\\\\\\\\\\\\\\\\\\\\\\\\\\\\\\\\\\\\\\\\\\\\\\\\\\\\\\\\\\\\\\\\\\\\\\\\\\\\\\\\\\\\\\\\\\\\\\\\\\\\\\\\\\\\\\\\\\\\\\\\\\\\\
-->	

<ship name="FR_SHIP_APPARITION_CHILLS" auto_blueprint="FR_APPARITION_CHILLS">
	<destroyed load="FR_HAUNT_APPARITION_CHILLS_DESTROYED"/>
	<deadCrew load="FR_HAUNT_APPARITION_CHILLS_DEADCREW"/>
	<crew>
		<crewMember type="orchid_cultivator" prop="0.75"/>
		<crewMember type="fr_lavaman" prop="0.25"/>
	</crew>
</ship>

<event name="FR_HAUNT_APPARITION_CHILLS">
	<preventQuest/>
	<preventFleet/>
	<quest>
		<nebulaBeacon>false</nebulaBeacon>
		<aggressive>2</aggressive>
	</quest>
	<beaconType id="map_icon_fr_chills_apparition" global="true">
		<color r="255" g="255" b="255" a="1.0"/>
	</beaconType>
	<text>You reach the spot specified by the urn, and as expected a ship is here to greet you, one of a design wholly unique. The ship hails you.
	
	"Aha! I'm on fire today! Another renegade ready to feel the burn! Can't wait to fry your brain with my red-hot skills! Friends, fire up the weapons! There will be nothing but ashes once we are finished!"</text>
	<playSound>ghostDeath</playSound>
	<variable name="loc_fr_chills_apparition_progress" op="set" val="0"/>
	<ship load="FR_SHIP_APPARITION_CHILLS" hostile="true"/> 
		<choice hidden="true">
			<text>Prepare to fight!</text>
				<event>
					<text>Realizing there's no way out of here without a fight, you turn on your weapons and engage the ship.</text>
						<choice hidden="true">
							<text>Continue...</text>
								<event load="COMBAT_CHECK"/>
						</choice>
				</event>
		</choice>
</event>

<event name="FR_HAUNT_APPARITION_CHILLS_DESTROYED">
	<text>The mighty vessel has been eliminated! Within its wreckage remains plenty of scrap and supplies for the taking.</text>
	<autoReward level="HIGH">standard_no_item</autoReward>
	<metaVariable name="prof_fr_chills_apparition_killed" op="set" val="1"/>
	<variable name="loc_fr_chills_apparition_killed" op="set" val="1"/>
	<choice hidden="true">
		<text>Continue...</text>
		<event load="FR_HAUNT_APPARITION_CHILLS_DROP_CHANCE"/>
	</choice>
</event>

<eventList name="FR_HAUNT_APPARITION_CHILLS_DROP_CHANCE">
	<event>
		<text>You find the remains of a unique weapon model among the ruins of the ship, but it appears it did not survive the fight. You'll have to be more careful next time, or get lucky. Fortunately, there's still a bit more supplies to take with you.</text>
		<autoReward level="LOW">standard_no_item</autoReward>
	</event>
	<event load="FR_HAUNT_APPARITION_CHILLS_DROP"/>
</eventList>

<event name="FR_HAUNT_APPARITION_CHILLS_DEADCREW">
	<text>The mighty vessel has been vanquished! Within the now cleared cruiser, plenty of scrap and supplies remain for the taking.</text>
	<autoReward level="HIGH">standard_no_item</autoReward>
	<metaVariable name="prof_fr_chills_apparition_killed" op="set" val="1"/>
	<variable name="loc_fr_chills_apparition_killed" op="set" val="1"/>
	<choice hidden="true">
		<text>Continue...</text>
		<event load="FR_HAUNT_APPARITION_CHILLS_DROP"/>
	</choice>
</event>

<event name="FR_HAUNT_APPARITION_CHILLS_DROP">
	<text>You're also surprised to find a special haunted gun among the wreckage! You've never seen anything even remotely to something like this before, so you assume it's from a cluster unlike yours.</text>
	<achievement silent="false">ACH_FR_APPARITION_CHILLS</achievement>
	<autoReward level="LOW">standard_no_item</autoReward>
	<weapon name="FR_CHILLS_FIRE_KERNAL"/>
</event>

<!--
\\\\\\\\\\\\\\\\\\\\\\\\\\\\\\\\\\\\\\\\\\\\\\\\\\\\\\\\\\\\\\\\\\\\\\\\\\\\\\\\\\\\\\\\\\\\\\\\\\\\\\\\\\\\\\\\\\\\\\\\\\\\\\\\\\\\\\
\\\\\\\\\\\\\\\\\\\\\\\\\\\\\\\\\\\\\\\\\\\\\\\\\\\\\\\\\\\\\\\\\\\\\\\\\\\\\\\\\\\\\\\\\\\\\\\\\\\\\\\\\\\\\\\\\\\\\\\\\\\\\\\\\\\\\\
					POK
\\\\\\\\\\\\\\\\\\\\\\\\\\\\\\\\\\\\\\\\\\\\\\\\\\\\\\\\\\\\\\\\\\\\\\\\\\\\\\\\\\\\\\\\\\\\\\\\\\\\\\\\\\\\\\\\\\\\\\\\\\\\\\\\\\\\\\
\\\\\\\\\\\\\\\\\\\\\\\\\\\\\\\\\\\\\\\\\\\\\\\\\\\\\\\\\\\\\\\\\\\\\\\\\\\\\\\\\\\\\\\\\\\\\\\\\\\\\\\\\\\\\\\\\\\\\\\\\\\\\\\\\\\\\\
-->	

<ship name="FR_SHIP_APPARITION_POK" auto_blueprint="FR_APPARITION_POK">
	<destroyed load="FR_HAUNT_APPARITION_POK_DESTROYED"/>
	<deadCrew load="FR_HAUNT_APPARITION_POK_DEADCREW"/>
</ship>

<event name="FR_HAUNT_APPARITION_POK">
	<preventQuest/>
	<preventFleet/>
	<quest>
		<nebulaBeacon>false</nebulaBeacon>
		<aggressive>2</aggressive>
	</quest>
	<beaconType id="map_icon_fr_pok_apparition" global="true">
		<color r="150" g="0" b="255" a="1.0"/>
	</beaconType>
	<text>You reach the spot specified by the urn, and as expected a ship is here to greet you, one of a design wholly unique. The ship hails you.
	
	"Pok mok bok sok lok!" You attempt to translate...whatever that was but all you get is braille image of a middle finger.</text>
	<playSound>ghostDeath</playSound>
	<variable name="loc_fr_pok_apparition_progress" op="set" val="0"/>
	<ship load="FR_SHIP_APPARITION_POK" hostile="true"/> 
		<choice hidden="true">
			<text>Prepare to fight!</text>
				<event>
					<text>Realizing there's no way out of here without a fight, you turn on your weapons and engage the ship.</text>
						<choice hidden="true">
							<text>Continue...</text>
								<event load="COMBAT_CHECK"/>
						</choice>
				</event>
		</choice>
</event>

<event name="FR_HAUNT_APPARITION_POK_DESTROYED">
	<text>The mighty vessel has been eliminated! Within its wreckage remains plenty of scrap and supplies for the taking.</text>
	<autoReward level="HIGH">standard_no_item</autoReward>
	<metaVariable name="prof_fr_pok_apparition_killed" op="set" val="1"/>
	<variable name="loc_fr_pok_apparition_killed" op="set" val="1"/>
	<choice hidden="true">
		<text>Continue...</text>
		<event load="FR_HAUNT_APPARITION_POK_DROP_CHANCE"/>
	</choice>
</event>

<eventList name="FR_HAUNT_APPARITION_POK_DROP_CHANCE">
	<event>
		<text>You find the remains of a unique weapon model among the ruins of the ship, but it appears it did not survive the fight. You'll have to be more careful next time, or get lucky. Fortunately, there's still a bit more supplies to take with you.</text>
		<autoReward level="LOW">standard_no_item</autoReward>
	</event>
	<event load="FR_HAUNT_APPARITION_POK_DROP"/>
</eventList>

<event name="FR_HAUNT_APPARITION_POK_DEADCREW">
	<text>The mighty vessel has been vanquished! Within the now cleared cruiser, plenty of scrap and supplies remain for the taking.</text>
	<autoReward level="HIGH">standard_no_item</autoReward>
	<metaVariable name="prof_fr_pok_apparition_killed" op="set" val="1"/>
	<variable name="loc_fr_pok_apparition_killed" op="set" val="1"/>
	<choice hidden="true">
		<text>Continue...</text>
		<event load="FR_HAUNT_APPARITION_POK_DROP"/>
	</choice>
</event>

<event name="FR_HAUNT_APPARITION_POK_DROP">
	<text>You're also surprised to find a special haunted gun among the wreckage! You've never seen anything even remotely to something like this before, so you assume it's from a cluster unlike yours.</text>
	<achievement silent="false">ACH_FR_APPARITION_POK</achievement>
	<autoReward level="LOW">standard_no_item</autoReward>
	<weapon name="FR_POK_MORPH_BOMB_LAUNCHER"/>
</event>

<!--
\\\\\\\\\\\\\\\\\\\\\\\\\\\\\\\\\\\\\\\\\\\\\\\\\\\\\\\\\\\\\\\\\\\\\\\\\\\\\\\\\\\\\\\\\\\\\\\\\\\\\\\\\\\\\\\\\\\\\\\\\\\\\\\\\\\\\\
\\\\\\\\\\\\\\\\\\\\\\\\\\\\\\\\\\\\\\\\\\\\\\\\\\\\\\\\\\\\\\\\\\\\\\\\\\\\\\\\\\\\\\\\\\\\\\\\\\\\\\\\\\\\\\\\\\\\\\\\\\\\\\\\\\\\\\
					CHARROR
\\\\\\\\\\\\\\\\\\\\\\\\\\\\\\\\\\\\\\\\\\\\\\\\\\\\\\\\\\\\\\\\\\\\\\\\\\\\\\\\\\\\\\\\\\\\\\\\\\\\\\\\\\\\\\\\\\\\\\\\\\\\\\\\\\\\\\
\\\\\\\\\\\\\\\\\\\\\\\\\\\\\\\\\\\\\\\\\\\\\\\\\\\\\\\\\\\\\\\\\\\\\\\\\\\\\\\\\\\\\\\\\\\\\\\\\\\\\\\\\\\\\\\\\\\\\\\\\\\\\\\\\\\\\\
-->	

<ship name="FR_SHIP_APPARITION_CHARROR" auto_blueprint="FR_APPARITION_CHARROR">
	<destroyed load="FR_HAUNT_APPARITION_CHARROR_DESTROYED"/>
	<deadCrew load="FR_HAUNT_APPARITION_CHARROR_DEADCREW"/>
</ship>

<event name="FR_HAUNT_APPARITION_CHARROR">
	<preventQuest/>
	<preventFleet/>
	<quest>
		<nebulaBeacon>false</nebulaBeacon>
		<aggressive>2</aggressive>
	</quest>
	<beaconType id="map_icon_fr_charror_apparition" global="true">
		<color r="134" g="175" b="192" a="1.0"/>
	</beaconType>
	<text>You reach the spot specified by the urn, and as expected a ship is here to greet you, one of a design wholly unique. The ship hails you.
	
	"[ERROR] [PRE-BATTLE DIALOG = NOT FOUND] [BACKUP DIALOG = CORRUPTED]"
	
	"K~62-= I479;. L-45\\ L=-=-  M1-3= E221´0"</text>
	<playSound>ghostDeath</playSound>
	<variable name="loc_fr_charror_apparition_progress" op="set" val="0"/>
	<ship load="FR_SHIP_APPARITION_CHARROR" hostile="true"/> 
		<choice hidden="true">
			<text>Prepare to fight!</text>
				<event>
					<text>Realizing there's no way out of here without a fight, you turn on your weapons and engage the ship.</text>
						<choice hidden="true">
							<text>Continue...</text>
								<event load="COMBAT_CHECK"/>
						</choice>
				</event>
		</choice>
</event>

<event name="FR_HAUNT_APPARITION_CHARROR_DESTROYED">
	<text>The mighty vessel has been eliminated! Within its wreckage remains plenty of scrap and supplies for the taking.</text>
	<autoReward level="HIGH">standard_no_item</autoReward>
	<metaVariable name="prof_fr_charror_apparition_killed" op="set" val="1"/>
	<variable name="loc_fr_charror_apparition_killed" op="set" val="1"/>
	<choice hidden="true">
		<text>Continue...</text>
		<event load="FR_HAUNT_APPARITION_CHARROR_DROP_CHANCE"/>
	</choice>
</event>

<eventList name="FR_HAUNT_APPARITION_CHARROR_DROP_CHANCE">
	<event>
		<text>You find the remains of a unique weapon model among the ruins of the ship, but it appears it did not survive the fight. You'll have to be more careful next time, or get lucky. Fortunately, there's still a bit more supplies to take with you.</text>
		<autoReward level="LOW">standard_no_item</autoReward>
	</event>
	<event load="FR_HAUNT_APPARITION_CHARROR_DROP"/>
</eventList>

<event name="FR_HAUNT_APPARITION_CHARROR_DEADCREW">
	<text>The mighty vessel has been vanquished! Within the now cleared cruiser, plenty of scrap and supplies remain for the taking.</text>
	<autoReward level="HIGH">standard_no_item</autoReward>
	<metaVariable name="prof_fr_charror_apparition_killed" op="set" val="1"/>
	<variable name="loc_fr_charror_apparition_killed" op="set" val="1"/>
	<choice hidden="true">
		<text>Continue...</text>
		<event load="FR_HAUNT_APPARITION_CHARROR_DROP"/>
	</choice>
</event>

<event name="FR_HAUNT_APPARITION_CHARROR_DROP">
	<text>You're also surprised to find a special haunted drone among the wreckage! You've never seen anything even remotely to something like this before, so you assume it's from a cluster unlike yours.</text>
	<achievement silent="false">ACH_FR_APPARITION_CHARROR</achievement>
	<autoReward level="LOW">standard_no_item</autoReward>
	<drone name="FR_CHARROR_SENTRY_DRONE"/>
</event>

<!--
\\\\\\\\\\\\\\\\\\\\\\\\\\\\\\\\\\\\\\\\\\\\\\\\\\\\\\\\\\\\\\\\\\\\\\\\\\\\\\\\\\\\\\\\\\\\\\\\\\\\\\\\\\\\\\\\\\\\\\\\\\\\\\\\\\\\\\
\\\\\\\\\\\\\\\\\\\\\\\\\\\\\\\\\\\\\\\\\\\\\\\\\\\\\\\\\\\\\\\\\\\\\\\\\\\\\\\\\\\\\\\\\\\\\\\\\\\\\\\\\\\\\\\\\\\\\\\\\\\\\\\\\\\\\\
					LEO
\\\\\\\\\\\\\\\\\\\\\\\\\\\\\\\\\\\\\\\\\\\\\\\\\\\\\\\\\\\\\\\\\\\\\\\\\\\\\\\\\\\\\\\\\\\\\\\\\\\\\\\\\\\\\\\\\\\\\\\\\\\\\\\\\\\\\\
\\\\\\\\\\\\\\\\\\\\\\\\\\\\\\\\\\\\\\\\\\\\\\\\\\\\\\\\\\\\\\\\\\\\\\\\\\\\\\\\\\\\\\\\\\\\\\\\\\\\\\\\\\\\\\\\\\\\\\\\\\\\\\\\\\\\\\
-->	

<ship name="FR_SHIP_APPARITION_LEO" auto_blueprint="FR_APPARITION_LEO">
	<destroyed load="FR_HAUNT_APPARITION_LEO_DESTROYED"/>
	<deadCrew load="FR_HAUNT_APPARITION_LEO_DEADCREW"/>
</ship>

<event name="FR_HAUNT_APPARITION_LEO">
	<preventQuest/>
	<preventFleet/>
	<quest>
		<nebulaBeacon>false</nebulaBeacon>
		<aggressive>2</aggressive>
	</quest>
	<beaconType id="map_icon_fr_leo_apparition" global="true">
		<color r="0" g="104" b="0" a="1.0"/>
	</beaconType>
	<text>You reach the spot specified by the urn, and as expected a ship is here to greet you, one of a design wholly unique. The ship hails you.
	
	"Can this be?! An actual challenge?! Well well well, renegade, I'm sorry to say this, but the minute we end this call, your ship will be pelted by my endless barrage of high-speed lasers, I recommend you just give up right now."</text>
	<playSound>ghostDeath</playSound>
	<variable name="loc_fr_leo_apparition_progress" op="set" val="0"/>
	<ship load="FR_SHIP_APPARITION_LEO" hostile="true"/> 
		<choice hidden="true">
			<text>Prepare to fight!</text>
				<event>
					<text>Realizing there's no way out of here without a fight, you turn on your weapons and engage the ship.</text>
						<choice hidden="true">
							<text>Continue...</text>
								<event load="COMBAT_CHECK"/>
						</choice>
				</event>
		</choice>
		<choice hidden="true" req="cloaking" blue="true">
			<text>(Cloaking) I have cloaking, dumbass.</text>
				<event>
					<text>"...oh...C-Can we please reconsider this?....crap"</text>
						<choice hidden="true">
							<text>Continue...</text>
								<event load="COMBAT_CHECK"/>
						</choice>
				</event>
		</choice>
</event>

<event name="FR_HAUNT_APPARITION_LEO_DESTROYED">
	<text>The mighty vessel has been eliminated! Within its wreckage remains plenty of scrap and supplies for the taking.</text>
	<autoReward level="HIGH">standard_no_item</autoReward>
	<metaVariable name="prof_fr_leo_apparition_killed" op="set" val="1"/>
	<variable name="loc_fr_leo_apparition_killed" op="set" val="1"/>
	<choice hidden="true">
		<text>Continue...</text>
		<event load="FR_HAUNT_APPARITION_LEO_DROP_CHANCE"/>
	</choice>
</event>

<eventList name="FR_HAUNT_APPARITION_LEO_DROP_CHANCE">
	<event>
		<text>You find the remains of a unique weapon model among the ruins of the ship, but it appears it did not survive the fight. You'll have to be more careful next time, or get lucky. Fortunately, there's still a bit more supplies to take with you.</text>
		<autoReward level="LOW">standard_no_item</autoReward>
	</event>
	<event load="FR_HAUNT_APPARITION_LEO_DROP"/>
</eventList>

<event name="FR_HAUNT_APPARITION_LEO_DEADCREW">
	<text>The mighty vessel has been vanquished! Within the now cleared cruiser, plenty of scrap and supplies remain for the taking.</text>
	<autoReward level="HIGH">standard_no_item</autoReward>
	<metaVariable name="prof_fr_leo_apparition_killed" op="set" val="1"/>
	<variable name="loc_fr_leo_apparition_killed" op="set" val="1"/>
	<choice hidden="true">
		<text>Continue...</text>
		<event load="FR_HAUNT_APPARITION_LEO_DROP"/>
	</choice>
</event>

<event name="FR_HAUNT_APPARITION_LEO_DROP">
	<text>You're also surprised to find a special haunted gun among the wreckage! You've never seen anything even remotely to something like this before, so you assume it's from a cluster unlike yours.</text>
	<achievement silent="false">ACH_FR_APPARITION_LEO</achievement>
	<autoReward level="LOW">standard_no_item</autoReward>
	<weapon name="FR_LEO_ADAPT_FLAK"/>
</event>

<!--
\\\\\\\\\\\\\\\\\\\\\\\\\\\\\\\\\\\\\\\\\\\\\\\\\\\\\\\\\\\\\\\\\\\\\\\\\\\\\\\\\\\\\\\\\\\\\\\\\\\\\\\\\\\\\\\\\\\\\\\\\\\\\\\\\\\\\\
\\\\\\\\\\\\\\\\\\\\\\\\\\\\\\\\\\\\\\\\\\\\\\\\\\\\\\\\\\\\\\\\\\\\\\\\\\\\\\\\\\\\\\\\\\\\\\\\\\\\\\\\\\\\\\\\\\\\\\\\\\\\\\\\\\\\\\
					SEARAK
\\\\\\\\\\\\\\\\\\\\\\\\\\\\\\\\\\\\\\\\\\\\\\\\\\\\\\\\\\\\\\\\\\\\\\\\\\\\\\\\\\\\\\\\\\\\\\\\\\\\\\\\\\\\\\\\\\\\\\\\\\\\\\\\\\\\\\
\\\\\\\\\\\\\\\\\\\\\\\\\\\\\\\\\\\\\\\\\\\\\\\\\\\\\\\\\\\\\\\\\\\\\\\\\\\\\\\\\\\\\\\\\\\\\\\\\\\\\\\\\\\\\\\\\\\\\\\\\\\\\\\\\\\\\\
-->	

<ship name="FR_SHIP_APPARITION_SEARAK" auto_blueprint="FR_APPARITION_SEARAK">
	<destroyed load="FR_HAUNT_APPARITION_SEARAK_DESTROYED"/>
	<deadCrew load="FR_HAUNT_APPARITION_SEARAK_DEADCREW"/>
</ship>

<event name="FR_HAUNT_APPARITION_SEARAK">
	<preventQuest/>
	<preventFleet/>
	<quest>
		<nebulaBeacon>false</nebulaBeacon>
		<aggressive>2</aggressive>
	</quest>
	<beaconType id="map_icon_fr_searak_apparition" global="true">
		<color r="100" g="70" b="0" a="1.0"/>
	</beaconType>
	<text>You reach the spot specified by the urn, and as expected a ship is here to greet you, one of a design wholly unique. The ship hails you.
	
	"Being of indeterminate gender from this opposing vessel, My name is Searak, and I command the most glorious and powerful vessel of this side of the multiverse! I expect a renegade such as you will pose a considerable challenge, so please, don't disappoint!"</text>
	<playSound>ghostDeath</playSound>
	<variable name="loc_fr_searak_apparition_progress" op="set" val="0"/>
	<ship load="FR_SHIP_APPARITION_SEARAK" hostile="true"/> 
		<choice hidden="true">
			<text>Prepare to fight!</text>
				<event>
					<text>Realizing there's no way out of here without a fight, you turn on your weapons and engage the ship.</text>
						<choice hidden="true">
							<text>Continue...</text>
								<event load="COMBAT_CHECK"/>
						</choice>
				</event>
		</choice>
</event>

<event name="FR_HAUNT_APPARITION_SEARAK_DESTROYED">
	<text>The mighty vessel has been eliminated! Within its wreckage remains plenty of scrap and supplies for the taking.</text>
	<autoReward level="HIGH">standard_no_item</autoReward>
	<metaVariable name="prof_fr_searak_apparition_killed" op="set" val="1"/>
	<variable name="loc_fr_searak_apparition_killed" op="set" val="1"/>
	<choice hidden="true">
		<text>Continue...</text>
		<event load="FR_HAUNT_APPARITION_SEARAK_DROP_CHANCE"/>
	</choice>
</event>

<eventList name="FR_HAUNT_APPARITION_SEARAK_DROP_CHANCE">
	<event>
		<text>You find the remains of a unique weapon model among the ruins of the ship, but it appears it did not survive the fight. You'll have to be more careful next time, or get lucky. Fortunately, there's still a bit more supplies to take with you.</text>
		<autoReward level="LOW">standard_no_item</autoReward>
	</event>
	<event load="FR_HAUNT_APPARITION_SEARAK_DROP"/>
</eventList>

<event name="FR_HAUNT_APPARITION_SEARAK_DEADCREW">
	<text>The mighty vessel has been vanquished! Within the now cleared cruiser, plenty of scrap and supplies remain for the taking.</text>
	<autoReward level="HIGH">standard_no_item</autoReward>
	<metaVariable name="prof_fr_searak_apparition_killed" op="set" val="1"/>
	<variable name="loc_fr_searak_apparition_killed" op="set" val="1"/>
	<choice hidden="true">
		<text>Continue...</text>
		<event load="FR_HAUNT_APPARITION_SEARAK_DROP"/>
	</choice>
</event>

<event name="FR_HAUNT_APPARITION_SEARAK_DROP">
	<text>You're also surprised to find a special haunted gun among the wreckage! You've never seen anything even remotely to something like this before, so you assume it's from a cluster unlike yours.</text>
	<achievement silent="false">ACH_FR_APPARITION_SEARAK</achievement>
	<autoReward level="LOW">standard_no_item</autoReward>
	<weapon name="FR_SEARAK_ENERGY_GATLING"/>
</event>

<!--
\\\\\\\\\\\\\\\\\\\\\\\\\\\\\\\\\\\\\\\\\\\\\\\\\\\\\\\\\\\\\\\\\\\\\\\\\\\\\\\\\\\\\\\\\\\\\\\\\\\\\\\\\\\\\\\\\\\\\\\\\\\\\\\\\\\\\\
\\\\\\\\\\\\\\\\\\\\\\\\\\\\\\\\\\\\\\\\\\\\\\\\\\\\\\\\\\\\\\\\\\\\\\\\\\\\\\\\\\\\\\\\\\\\\\\\\\\\\\\\\\\\\\\\\\\\\\\\\\\\\\\\\\\\\\
					AUTO
\\\\\\\\\\\\\\\\\\\\\\\\\\\\\\\\\\\\\\\\\\\\\\\\\\\\\\\\\\\\\\\\\\\\\\\\\\\\\\\\\\\\\\\\\\\\\\\\\\\\\\\\\\\\\\\\\\\\\\\\\\\\\\\\\\\\\\
\\\\\\\\\\\\\\\\\\\\\\\\\\\\\\\\\\\\\\\\\\\\\\\\\\\\\\\\\\\\\\\\\\\\\\\\\\\\\\\\\\\\\\\\\\\\\\\\\\\\\\\\\\\\\\\\\\\\\\\\\\\\\\\\\\\\\\
-->	

<ship name="FR_SHIP_APPARITION_AUTO" auto_blueprint="FR_APPARITION_AUTO">
	<destroyed load="FR_HAUNT_APPARITION_AUTO_DESTROYED"/>
	<deadCrew load="FR_HAUNT_APPARITION_AUTO_DEADCREW"/>
</ship>

<event name="FR_HAUNT_APPARITION_AUTO">
	<preventQuest/>
	<preventFleet/>
	<quest>
		<nebulaBeacon>false</nebulaBeacon>
		<aggressive>2</aggressive>
	</quest>
	<beaconType id="map_icon_fr_auto_apparition" global="true">
		<color r="237" g="89" b="85" a="1.0"/>
	</beaconType>
	<text>You reach the spot specified by the urn, and as expected a ship is here to greet you, one of a design wholly unique. The ship hails you.
	
	"Enemy ship located. Peacekeeping protocols A-650.100 initiated. Goodbye"</text>
	<playSound>ghostDeath</playSound>
	<variable name="loc_fr_auto_apparition_progress" op="set" val="0"/>
	<ship load="FR_SHIP_APPARITION_AUTO" hostile="true"/> 
		<choice hidden="true">
			<text>Prepare to fight!</text>
				<event>
					<text>Realizing there's no way out of here without a fight, you turn on your weapons and engage the ship.</text>
						<choice hidden="true">
							<text>Continue...</text>
								<event load="COMBAT_CHECK"/>
						</choice>
				</event>
		</choice>
</event>

<event name="FR_HAUNT_APPARITION_AUTO_DESTROYED">
	<text>The mighty vessel has been eliminated! Within its wreckage remains plenty of scrap and supplies for the taking.</text>
	<autoReward level="HIGH">standard_no_item</autoReward>
	<metaVariable name="prof_fr_auto_apparition_killed" op="set" val="1"/>
	<variable name="loc_fr_auto_apparition_killed" op="set" val="1"/>
	<choice hidden="true">
		<text>Continue...</text>
		<event load="FR_HAUNT_APPARITION_AUTO_DROP"/>
	</choice>
</event>

<event name="FR_HAUNT_APPARITION_AUTO_DEADCREW">
	<text>The mighty vessel has been vanquished! Within the now cleared cruiser, plenty of scrap and supplies remain for the taking.</text>
	<autoReward level="HIGH">standard_no_item</autoReward>
	<metaVariable name="prof_fr_auto_apparition_killed" op="set" val="1"/>
	<variable name="loc_fr_auto_apparition_killed" op="set" val="1"/>
	<choice hidden="true">
		<text>Continue...</text>
		<event load="FR_HAUNT_APPARITION_AUTO_DROP"/>
	</choice>
</event>

<event name="FR_HAUNT_APPARITION_AUTO_DROP">
	<text>You're also surprised to find a special haunted gun among the wreckage! You've never seen anything even remotely to something like this before, so you assume it's from a cluster unlike yours.</text>
	<achievement silent="false">ACH_FR_APPARITION_AUTO</achievement>
	<autoReward level="LOW">standard_no_item</autoReward>
	<weapon name="FR_ZOLTAN_AUTO_BEAM"/>
</event>

<!--
\\\\\\\\\\\\\\\\\\\\\\\\\\\\\\\\\\\\\\\\\\\\\\\\\\\\\\\\\\\\\\\\\\\\\\\\\\\\\\\\\\\\\\\\\\\\\\\\\\\\\\\\\\\\\\\\\\\\\\\\\\\\\\\\\\\\\\
\\\\\\\\\\\\\\\\\\\\\\\\\\\\\\\\\\\\\\\\\\\\\\\\\\\\\\\\\\\\\\\\\\\\\\\\\\\\\\\\\\\\\\\\\\\\\\\\\\\\\\\\\\\\\\\\\\\\\\\\\\\\\\\\\\\\\\
					WATCHER
\\\\\\\\\\\\\\\\\\\\\\\\\\\\\\\\\\\\\\\\\\\\\\\\\\\\\\\\\\\\\\\\\\\\\\\\\\\\\\\\\\\\\\\\\\\\\\\\\\\\\\\\\\\\\\\\\\\\\\\\\\\\\\\\\\\\\\
\\\\\\\\\\\\\\\\\\\\\\\\\\\\\\\\\\\\\\\\\\\\\\\\\\\\\\\\\\\\\\\\\\\\\\\\\\\\\\\\\\\\\\\\\\\\\\\\\\\\\\\\\\\\\\\\\\\\\\\\\\\\\\\\\\\\\\
-->	

<ship name="FR_SHIP_APPARITION_WATCHER" auto_blueprint="FR_APPARITION_WATCHER">
	<destroyed load="FR_HAUNT_APPARITION_WATCHER_DESTROYED"/>
	<deadCrew load="FR_HAUNT_APPARITION_WATCHER_DEADCREW"/>
</ship>

<event name="FR_HAUNT_APPARITION_WATCHER">
	<preventQuest/>
	<preventFleet/>
	<quest>
		<nebulaBeacon>false</nebulaBeacon>
		<aggressive>2</aggressive>
	</quest>
	<beaconType id="map_icon_fr_watcher_apparition" global="true">
		<color r="156" g="156" b="156" a="1.0"/>
	</beaconType>
	<text>You reach the spot specified by the urn, and as expected a ship is here to greet you, one of a design wholly unique. The ship hails you.
	
	"You have rested for long enough, little one. Time to awaken and do what you were made to do from the moment your atoms were created."</text>
	<playSound>ghostDeath</playSound>
	<variable name="loc_fr_watcher_apparition_progress" op="set" val="0"/>
	<ship load="FR_SHIP_APPARITION_WATCHER" hostile="true"/> 
		<choice hidden="true">
			<text>Prepare to fight!</text>
				<event>
					<text>Realizing there's no way out of here without a fight, you turn on your weapons and engage the ship.</text>
						<choice hidden="true">
							<text>Continue...</text>
								<event load="COMBAT_CHECK"/>
						</choice>
				</event>
		</choice>
</event>

<event name="FR_HAUNT_APPARITION_WATCHER_DESTROYED">
	<text>The mighty vessel has been eliminated! Within its wreckage remains plenty of scrap and supplies for the taking.</text>
	<autoReward level="HIGH">standard_no_item</autoReward>
	<metaVariable name="prof_fr_watcher_apparition_killed" op="set" val="1"/>
	<variable name="loc_fr_watcher_apparition_killed" op="set" val="1"/>
	<choice hidden="true">
		<text>Continue...</text>
		<event load="FR_HAUNT_APPARITION_WATCHER_DROP_CHANCE"/>
	</choice>
</event>

<eventList name="FR_HAUNT_APPARITION_WATCHER_DROP_CHANCE">
	<event>
		<text>You find the remains of a unique weapon model among the ruins of the ship, but it appears it did not survive the fight. You'll have to be more careful next time, or get lucky. Fortunately, there's still a bit more supplies to take with you.</text>
		<autoReward level="LOW">standard_no_item</autoReward>
	</event>
	<event load="FR_HAUNT_APPARITION_WATCHER_DROP"/>
</eventList>

<event name="FR_HAUNT_APPARITION_WATCHER_DEADCREW">
	<text>The mighty vessel has been vanquished! Within the now cleared cruiser, plenty of scrap and supplies remain for the taking.</text>
	<autoReward level="HIGH">standard_no_item</autoReward>
	<metaVariable name="prof_fr_watcher_apparition_killed" op="set" val="1"/>
	<variable name="loc_fr_watcher_apparition_killed" op="set" val="1"/>
	<choice hidden="true">
		<text>Continue...</text>
		<event load="FR_HAUNT_APPARITION_WATCHER_DROP"/>
	</choice>
</event>

<event name="FR_HAUNT_APPARITION_WATCHER_DROP">
	<text>You're also surprised to find a special haunted gun among the wreckage! You've never seen anything even remotely to something like this before, so you assume it's from a cluster unlike yours.</text>
	<achievement silent="false">ACH_FR_APPARITION_WATCHER</achievement>
	<autoReward level="LOW">standard_no_item</autoReward>
	<weapon name="FR_WATCHER_SIREN_PINPOINT"/>
</event>

<!--
\\\\\\\\\\\\\\\\\\\\\\\\\\\\\\\\\\\\\\\\\\\\\\\\\\\\\\\\\\\\\\\\\\\\\\\\\\\\\\\\\\\\\\\\\\\\\\\\\\\\\\\\\\\\\\\\\\\\\\\\\\\\\\\\\\\\\\
\\\\\\\\\\\\\\\\\\\\\\\\\\\\\\\\\\\\\\\\\\\\\\\\\\\\\\\\\\\\\\\\\\\\\\\\\\\\\\\\\\\\\\\\\\\\\\\\\\\\\\\\\\\\\\\\\\\\\\\\\\\\\\\\\\\\\\
					FLAGSHIP
\\\\\\\\\\\\\\\\\\\\\\\\\\\\\\\\\\\\\\\\\\\\\\\\\\\\\\\\\\\\\\\\\\\\\\\\\\\\\\\\\\\\\\\\\\\\\\\\\\\\\\\\\\\\\\\\\\\\\\\\\\\\\\\\\\\\\\
\\\\\\\\\\\\\\\\\\\\\\\\\\\\\\\\\\\\\\\\\\\\\\\\\\\\\\\\\\\\\\\\\\\\\\\\\\\\\\\\\\\\\\\\\\\\\\\\\\\\\\\\\\\\\\\\\\\\\\\\\\\\\\\\\\\\\\
-->	

<ship name="FR_SHIP_APPARITION_FLAGSHIP" auto_blueprint="FR_APPARITION_FLAGSHIP">
	<destroyed load="FR_HAUNT_APPARITION_FLAGSHIP_DESTROYED"/>
	<deadCrew load="FR_HAUNT_APPARITION_FLAGSHIP_DEADCREW"/>
</ship>

<event name="FR_HAUNT_APPARITION_FLAGSHIP">
	<preventQuest/>
	<preventFleet/>
	<quest>
		<nebulaBeacon>false</nebulaBeacon>
		<aggressive>2</aggressive>
	</quest>
	<beaconType id="map_icon_fr_flagship_apparition" global="true">
		<color r="96" g="33" b="89" a="1.0"/>
	</beaconType>
	<text>You reach the spot specified by the urn, and as expected a ship is here to greet you, one of a design wholly unique. The ship hails you.
	
	"Federation scum! You are about to be the first witnesses of my greatest creation! A ship with living clones of the Coalition's leaders! They thought my ideas were too risky, "A blasphemy!", they said! But I will show them, I will show them all!"</text>
	<playSound>ghostDeath</playSound>
	<variable name="loc_fr_flagship_apparition_progress" op="set" val="0"/>
	<ship load="FR_SHIP_APPARITION_FLAGSHIP" hostile="true"/> 
		<choice hidden="true">
			<text>Prepare to fight!</text>
				<event>
					<text>Realizing there's no way out of here without a fight, you turn on your weapons and engage the ship.</text>
						<choice hidden="true">
							<text>Continue...</text>
								<event load="COMBAT_CHECK"/>
						</choice>
				</event>
		</choice>
</event>

<event name="FR_HAUNT_APPARITION_FLAGSHIP_DESTROYED">
	<text>The mighty vessel has been eliminated! Within its wreckage remains plenty of scrap and supplies for the taking.</text>
	<autoReward level="HIGH">standard_no_item</autoReward>
	<metaVariable name="prof_fr_flagship_apparition_killed" op="set" val="1"/>
	<variable name="loc_fr_flagship_apparition_killed" op="set" val="1"/>
	<choice req="prof_fr_bonus_apparitions_unlocked" lvl="0" max_lvl="0" max_group="1" blue="false" hidden="true">	
		<text>Continue...</text>
			<event load="FR_URN_BONUS"/>
	</choice>
	<choice req="prof_fr_bonus_apparitions_unlocked" lvl="1" max_group="1" blue="false" hidden="true">	
		<text>Continue...</text>
			<event load="FR_HAUNT_APPARITION_FLAGSHIP_DROP"/>
	</choice>
</event>

<event name="FR_HAUNT_APPARITION_FLAGSHIP_DEADCREW">
	<text>The mighty vessel has been vanquished! Within the now cleared cruiser, plenty of scrap and supplies remain for the taking.</text>
	<autoReward level="HIGH">standard_no_item</autoReward>
	<metaVariable name="prof_fr_flagship_apparition_killed" op="set" val="1"/>
	<variable name="loc_fr_flagship_apparition_killed" op="set" val="1"/>
	<choice req="prof_fr_bonus_apparitions_unlocked" lvl="0" max_lvl="0" max_group="1" blue="false" hidden="true">	
		<text>Continue...</text>
			<event load="FR_URN_BONUS"/>
	</choice>
	<choice req="prof_fr_bonus_apparitions_unlocked" lvl="1" max_group="1" blue="false" hidden="true">	
		<text>Continue...</text>
			<event load="FR_HAUNT_APPARITION_FLAGSHIP_DROP"/>
	</choice>
</event>

<event name="FR_URN_BONUS">
	<text>Before you can see what strange loot that ship had, a strange sensation fills your very soul, you blink, and suddenly you see the visions of the urn. It slowly open its white lid ever so slowly, suddenly, the souls of every apparition you killed so far seems to fill the urn, mixing and swirling around, creating brand new shades never before seen here or anywhere else. It finally, after what feels like hours if not days, closes itself shut.</text>
		<choice blue="false" hidden="true">	
			<text>Continue...</text>
				<event>
					<text>It takes a few minutes for you to recover, but as you do, you manage to get your thoughts in order enough to see what the ship's loot was.</text>
					<metaVariable name="prof_fr_bonus_apparitions_unlocked" op="set" val="1"/>
					<achievement silent="false">ACH_FR_EVENT_URN_BONUS</achievement>
					<choice blue="false" hidden="true">	
						<text>Continue...</text>
							<event load="FR_HAUNT_APPARITION_FLAGSHIP_DROP"/>
					</choice>
				</event>
		</choice>
</event>

<event name="FR_HAUNT_APPARITION_FLAGSHIP_DROP">
	<text>You are surprised to find another crew hidden in the depths of the ship, however, they do not attack you. Not only that, they seem to think you are their "creator" and swear to serve your every whim. Upon exploring the room you find lots of papers talking about a scrapped project that aimed to clone the Coalition's leaders, but it seems that after a single attempt it was deemed a failure and was thus scrapped.</text>
	<achievement silent="false">ACH_FR_APPARITION_FLAGSHIP</achievement>
	<autoReward level="LOW">standard_no_item</autoReward>
	<unlockCustomShip silent="false">PLAYER_SHIP_FR_LEGION_FLAGSHIP_2</unlockCustomShip>
	<crewMember amount="1" class="FR_LIST_CREW_RUES_LEADERS" all_skills="2"/>
</event>

<!--
\\\\\\\\\\\\\\\\\\\\\\\\\\\\\\\\\\\\\\\\\\\\\\\\\\\\\\\\\\\\\\\\\\\\\\\\\\\\\\\\\\\\\\\\\\\\\\\\\\\\\\\\\\\\\\\\\\\\\\\\\\\\\\\\\\\\\\
\\\\\\\\\\\\\\\\\\\\\\\\\\\\\\\\\\\\\\\\\\\\\\\\\\\\\\\\\\\\\\\\\\\\\\\\\\\\\\\\\\\\\\\\\\\\\\\\\\\\\\\\\\\\\\\\\\\\\\\\\\\\\\\\\\\\\\
					AUGUSTUS
\\\\\\\\\\\\\\\\\\\\\\\\\\\\\\\\\\\\\\\\\\\\\\\\\\\\\\\\\\\\\\\\\\\\\\\\\\\\\\\\\\\\\\\\\\\\\\\\\\\\\\\\\\\\\\\\\\\\\\\\\\\\\\\\\\\\\\
\\\\\\\\\\\\\\\\\\\\\\\\\\\\\\\\\\\\\\\\\\\\\\\\\\\\\\\\\\\\\\\\\\\\\\\\\\\\\\\\\\\\\\\\\\\\\\\\\\\\\\\\\\\\\\\\\\\\\\\\\\\\\\\\\\\\\\
-->	

<ship name="FR_SHIP_APPARITION_AUGUSTUS" auto_blueprint="FR_APPARITION_AUGUSTUS">
	<destroyed load="FR_HAUNT_APPARITION_AUGUSTUS_DESTROYED"/>
	<deadCrew load="FR_HAUNT_APPARITION_AUGUSTUS_DEADCREW"/>
</ship>

<event name="FR_HAUNT_APPARITION_AUGUSTUS">
	<preventQuest/>
	<preventFleet/>
	<quest>
		<nebulaBeacon>false</nebulaBeacon>
		<aggressive>2</aggressive>
	</quest>
	<beaconType id="map_icon_fr_augustus_apparition" global="true">
		<color r="255" g="208" b="0" a="1"/>
	</beaconType>
	<text>You reach the spot specified by the urn, and as expected a ship is here to greet you, one made out of gold! Legends say this ship is owned by the spirit of the richest phantom to ever exist, the ghost of a ghost with the most some could say. Their cause of death? Mutiny.
		
		...The ship hails you.
	
	"Hark, pray to the lords that you evacuate with haste! Elsewise thine vessel's rust and decay might erode mine own's most invaluable shine! Shall thou refuse to meet my demands, expect a most swift death of peculiar means... For I shall dismantle thine hull with projectiles of solid gold, salvage the remains, and become even richer!"</text>
	<playSound>ghostDeath</playSound>
	<variable name="loc_fr_augustus_apparition_progress" op="set" val="0"/>
	<ship load="FR_SHIP_APPARITION_AUGUSTUS" hostile="true"/> 
		<choice hidden="true">
			<text>Prepare to fight!</text>
				<event>
					<text>Realizing there's no way out of here without a fight, you turn on your weapons and engage the ship.</text>
						<choice hidden="true">
							<text>Continue...</text>
								<event load="COMBAT_CHECK"/>
						</choice>
				</event>
		</choice>
</event>

<event name="FR_HAUNT_APPARITION_AUGUSTUS_DESTROYED">
	<text>The mighty vessel has been eliminated! Within its wreckage remains plenty of scrap and supplies for the taking.</text>
	<autoReward level="HIGH">standard_no_item</autoReward>
	<metaVariable name="prof_fr_augustus_apparition_killed" op="set" val="1"/>
	<variable name="loc_fr_augustus_apparition_killed" op="set" val="1"/>
	<choice hidden="true">
		<text>Continue...</text>
		<event load="FR_HAUNT_APPARITION_AUGUSTUS_DROP_CHANCE"/>
	</choice>
</event>

<eventList name="FR_HAUNT_APPARITION_AUGUSTUS_DROP_CHANCE">
	<event>
		<text>You find the remains of a unique weapon model among the ruins of the ship, but it appears it did not survive the fight. You'll have to be more careful next time, or get lucky. Fortunately, there's still a bit more supplies to take with you.</text>
		<autoReward level="LOW">standard_no_item</autoReward>
	</event>
	<event load="FR_HAUNT_APPARITION_AUGUSTUS_DROP"/>
</eventList>

<event name="FR_HAUNT_APPARITION_AUGUSTUS_DEADCREW">
	<text>The mighty vessel has been vanquished! Within the now cleared cruiser, plenty of scrap and supplies remain for the taking.</text>
	<autoReward level="HIGH">standard_no_item</autoReward>
	<metaVariable name="prof_fr_augustus_apparition_killed" op="set" val="1"/>
	<variable name="loc_fr_augustus_apparition_killed" op="set" val="1"/>
	<choice hidden="true">
		<text>Continue...</text>
		<event load="FR_HAUNT_APPARITION_AUGUSTUS_DROP"/>
	</choice>
</event>

<event name="FR_HAUNT_APPARITION_AUGUSTUS_DROP">
	<text>You're also surprised to find a special haunted gun among the wreckage! You've never seen anything even remotely to something like this before, so you assume it's from a cluster unlike yours. 
		
		Not only that, but you find what seems to be the same person you just killed, but instead of acting aggressively when they see you, they praise you for "releasing" them of their captor, a faker who could only mimic Augustus's powers. He offers to join your crew.</text>
	<achievement silent="false">ACH_FR_APPARITION_AUGUSTUS</achievement>
	<unlockCustomShip silent="false">PLAYER_SHIP_FR_BONUS_HAUNT_AUGUSTUS</unlockCustomShip>
	<crewMember amount="1" class="fr_bonus_augustus" all_skills="2">Augustus</crewMember>
	<autoReward level="LOW">standard_no_item</autoReward>
	<weapon name="FR_AUGUSTUS_BEAM"/>
</event>

<!--
\\\\\\\\\\\\\\\\\\\\\\\\\\\\\\\\\\\\\\\\\\\\\\\\\\\\\\\\\\\\\\\\\\\\\\\\\\\\\\\\\\\\\\\\\\\\\\\\\\\\\\\\\\\\\\\\\\\\\\\\\\\\\\\\\\\\\\
\\\\\\\\\\\\\\\\\\\\\\\\\\\\\\\\\\\\\\\\\\\\\\\\\\\\\\\\\\\\\\\\\\\\\\\\\\\\\\\\\\\\\\\\\\\\\\\\\\\\\\\\\\\\\\\\\\\\\\\\\\\\\\\\\\\\\\
					SALLY
\\\\\\\\\\\\\\\\\\\\\\\\\\\\\\\\\\\\\\\\\\\\\\\\\\\\\\\\\\\\\\\\\\\\\\\\\\\\\\\\\\\\\\\\\\\\\\\\\\\\\\\\\\\\\\\\\\\\\\\\\\\\\\\\\\\\\\
\\\\\\\\\\\\\\\\\\\\\\\\\\\\\\\\\\\\\\\\\\\\\\\\\\\\\\\\\\\\\\\\\\\\\\\\\\\\\\\\\\\\\\\\\\\\\\\\\\\\\\\\\\\\\\\\\\\\\\\\\\\\\\\\\\\\\\
-->	

<ship name="FR_SHIP_APPARITION_SALLY" auto_blueprint="FR_APPARITION_SALLY">
	<destroyed load="FR_HAUNT_APPARITION_SALLY_DESTROYED"/>
	<deadCrew load="FR_HAUNT_APPARITION_SALLY_DEADCREW"/>
</ship>

<event name="FR_HAUNT_APPARITION_SALLY">
	<preventQuest/>
	<preventFleet/>
	<quest>
		<nebulaBeacon>false</nebulaBeacon>
		<aggressive>2</aggressive>
	</quest>
	<beaconType id="map_icon_fr_sally_apparition" global="true">
		<color r="220" g="185" b="149" a="1"/>
	</beaconType>
	<text>You reach the spot specified by the urn, and as expected a ship is here to greet you, one made out of what seems to be...flesh?! Legends say this ship is owned by the spirit of a scientist of unknown race who fused its body and soul with their beloved pet spider as a desperate atempt to not die by an unknown illness, retaining their conciusness but being stuck in the spider's body. The ship hails you.
	
	"Oh my stars! If it isn't a new friend! Now, please don't be upset, dear, but forces beyond my control are forcing me to fight you! Isn't that crazy? Quite unfortunate for you, but at least I promisse you I will keep you company in the afterlife, you are my new friend after all!"</text>
	<playSound>ghostDeath</playSound>
	<variable name="loc_fr_sally_apparition_progress" op="set" val="0"/>
	<ship load="FR_SHIP_APPARITION_SALLY" hostile="true"/> 
		<choice hidden="true">
			<text>Prepare to fight!</text>
				<event>
					<text>Realizing there's no way out of here without a fight, you turn on your weapons and engage the ship.</text>
						<choice hidden="true">
							<text>Continue...</text>
								<event load="COMBAT_CHECK"/>
						</choice>
				</event>
		</choice>
</event>

<event name="FR_HAUNT_APPARITION_SALLY_DESTROYED">
	<text>The mighty vessel has been eliminated! Within its wreckage remains plenty of scrap and supplies for the taking.</text>
	<autoReward level="HIGH">standard_no_item</autoReward>
	<metaVariable name="prof_fr_sally_apparition_killed" op="set" val="1"/>
	<variable name="loc_fr_sally_apparition_killed" op="set" val="1"/>
	<choice hidden="true">
		<text>Continue...</text>
		<event load="FR_HAUNT_APPARITION_SALLY_DROP_CHANCE"/>
	</choice>
</event>

<eventList name="FR_HAUNT_APPARITION_SALLY_DROP_CHANCE">
	<event>
		<text>You find the remains of a unique weapon model among the ruins of the ship, but it appears it did not survive the fight. You'll have to be more careful next time, or get lucky. Fortunately, there's still a bit more supplies to take with you.</text>
		<autoReward level="LOW">standard_no_item</autoReward>
	</event>
	<event load="FR_HAUNT_APPARITION_SALLY_DROP"/>
</eventList>

<event name="FR_HAUNT_APPARITION_SALLY_DEADCREW">
	<text>The mighty vessel has been vanquished! Within the now cleared cruiser, plenty of scrap and supplies remain for the taking.</text>
	<autoReward level="HIGH">standard_no_item</autoReward>
	<metaVariable name="prof_fr_sally_apparition_killed" op="set" val="1"/>
	<variable name="loc_fr_sally_apparition_killed" op="set" val="1"/>
	<choice hidden="true">
		<text>Continue...</text>
		<event load="FR_HAUNT_APPARITION_SALLY_DROP"/>
	</choice>
</event>

<event name="FR_HAUNT_APPARITION_SALLY_DROP">
	<text>You're also surprised to find a special haunted gun among the wreckage! You've never seen anything even remotely to something like this before, so you assume it's from a cluster unlike yours. 
		
		Not only that, but you find what seems to be the same person you just killed, but instead of acting aggressively when they see you, they praise you for "releasing" them of their captor, a faker who stole thier apperance and personality. They offer to join your crew.</text>
	<achievement silent="false">ACH_FR_APPARITION_SALLY</achievement>
	<unlockCustomShip silent="false">PLAYER_SHIP_FR_BONUS_HAUNT_SALLY</unlockCustomShip>
	<crewMember amount="1" class="fr_bonus_sally_weaver" all_skills="2">Sally</crewMember>
	<autoReward level="LOW">standard_no_item</autoReward>
	<weapon name="FR_SALLY_BOMB"/>
</event>

<!--
\\\\\\\\\\\\\\\\\\\\\\\\\\\\\\\\\\\\\\\\\\\\\\\\\\\\\\\\\\\\\\\\\\\\\\\\\\\\\\\\\\\\\\\\\\\\\\\\\\\\\\\\\\\\\\\\\\\\\\\\\\\\\\\\\\\\\\
\\\\\\\\\\\\\\\\\\\\\\\\\\\\\\\\\\\\\\\\\\\\\\\\\\\\\\\\\\\\\\\\\\\\\\\\\\\\\\\\\\\\\\\\\\\\\\\\\\\\\\\\\\\\\\\\\\\\\\\\\\\\\\\\\\\\\\
					PRINCE
\\\\\\\\\\\\\\\\\\\\\\\\\\\\\\\\\\\\\\\\\\\\\\\\\\\\\\\\\\\\\\\\\\\\\\\\\\\\\\\\\\\\\\\\\\\\\\\\\\\\\\\\\\\\\\\\\\\\\\\\\\\\\\\\\\\\\\
\\\\\\\\\\\\\\\\\\\\\\\\\\\\\\\\\\\\\\\\\\\\\\\\\\\\\\\\\\\\\\\\\\\\\\\\\\\\\\\\\\\\\\\\\\\\\\\\\\\\\\\\\\\\\\\\\\\\\\\\\\\\\\\\\\\\\\
-->	

<ship name="FR_SHIP_APPARITION_PRINCE" auto_blueprint="FR_APPARITION_PRINCE">
	<destroyed load="FR_HAUNT_APPARITION_PRINCE_DESTROYED"/>
	<deadCrew load="FR_HAUNT_APPARITION_PRINCE_DEADCREW"/>
</ship>

<event name="FR_HAUNT_APPARITION_PRINCE">
	<preventQuest/>
	<preventFleet/>
	<quest>
		<nebulaBeacon>false</nebulaBeacon>
		<aggressive>2</aggressive>
	</quest>
	<beaconType id="map_icon_fr_prince_apparition" global="true">
		<color r="79" g="79" b="79" a="1"/>
	</beaconType>
	<text>You reach the spot specified by the urn, and as expected a ship is here to greet you, though it takes a while for you to be able to see it, it seems that the very darkness of space is cloaking the ship's true apperance! Legends say this ship is now owned by a equinoid arch demon of Tartarus, one which calls themselves the "Prince of Darkness". The ship hails you, though no words are spoken, the demon simply stares into your soul, their words being branded into your very mind.
	
	"Yet another mortal steps up to challenge me it seems. I will be blunt with you, little creature, you are about to face a being from the very depts of the intangeble, one which has seen eons by. This is not a threat, it's only a warning. Gather your wits and face me, for great rewards away anyone who can best me in combat."</text>
	<playSound>ghostDeath</playSound>
	<variable name="loc_fr_prince_apparition_progress" op="set" val="0"/>
	<ship load="FR_SHIP_APPARITION_PRINCE" hostile="true"/> 
		<choice hidden="true">
			<text>Prepare to fight!</text>
				<event>
					<text>Realizing there's no way out of here without a fight, you turn on your weapons and engage the ship.</text>
						<choice hidden="true">
							<text>Continue...</text>
								<event load="COMBAT_CHECK"/>
						</choice>
				</event>
		</choice>
</event>

<event name="FR_HAUNT_APPARITION_PRINCE_DESTROYED">
	<text>The mighty vessel has been eliminated! Within its wreckage remains plenty of scrap and supplies for the taking.</text>
	<autoReward level="HIGH">standard_no_item</autoReward>
	<metaVariable name="prof_fr_prince_apparition_killed" op="set" val="1"/>
	<variable name="loc_fr_prince_apparition_killed" op="set" val="1"/>
	<choice hidden="true">
		<text>Continue...</text>
		<event load="FR_HAUNT_APPARITION_PRINCE_DROP_CHANCE"/>
	</choice>
</event>

<eventList name="FR_HAUNT_APPARITION_PRINCE_DROP_CHANCE">
	<event>
		<text>You find the remains of a unique weapon model among the ruins of the ship, but it appears it did not survive the fight. You'll have to be more careful next time, or get lucky. Fortunately, there's still a bit more supplies to take with you.</text>
		<autoReward level="LOW">standard_no_item</autoReward>
	</event>
	<event load="FR_HAUNT_APPARITION_PRINCE_DROP"/>
</eventList>

<event name="FR_HAUNT_APPARITION_PRINCE_DEADCREW">
	<text>The mighty vessel has been vanquished! Within the now cleared cruiser, plenty of scrap and supplies remain for the taking.</text>
	<autoReward level="HIGH">standard_no_item</autoReward>
	<metaVariable name="prof_fr_prince_apparition_killed" op="set" val="1"/>
	<variable name="loc_fr_prince_apparition_killed" op="set" val="1"/>
	<choice hidden="true">
		<text>Continue...</text>
		<event load="FR_HAUNT_APPARITION_PRINCE_DROP"/>
	</choice>
</event>

<event name="FR_HAUNT_APPARITION_PRINCE_DROP">
	<text>You're also surprised to find a special haunted gun among the wreckage! You've never seen anything even remotely to something like this before, so you assume it's from a cluster unlike yours. 
		
		Suddunly the Prince appear in front of you, you reach for your blaster but the demon's stare stops you in your track. "Fear not, mortal, for I'm not here to fight you, only award your spoils of war. I shall grand you the schematics of my very ship and its wonderful technology, as well as my very own weapon, one which I forged myself a millenia ago. As a final gift, I shall join your crew for the remainder of your little errand. I do hope your efforts don't shame my presence".</text>
	<achievement silent="false">ACH_FR_APPARITION_PRINCE</achievement>
	<unlockCustomShip silent="false">PLAYER_SHIP_FR_BONUS_HAUNT_PRINCE</unlockCustomShip>
	<crewMember amount="1" class="fr_bonus_prince" all_skills="2">Prince of Darkness</crewMember>
	<autoReward level="LOW">standard_no_item</autoReward>
	<weapon name="FR_PRINCE_CANNON"/>
</event>

<!--
\\\\\\\\\\\\\\\\\\\\\\\\\\\\\\\\\\\\\\\\\\\\\\\\\\\\\\\\\\\\\\\\\\\\\\\\\\\\\\\\\\\\\\\\\\\\\\\\\\\\\\\\\\\\\\\\\\\\\\\\\\\\\\\\\\\\\\
\\\\\\\\\\\\\\\\\\\\\\\\\\\\\\\\\\\\\\\\\\\\\\\\\\\\\\\\\\\\\\\\\\\\\\\\\\\\\\\\\\\\\\\\\\\\\\\\\\\\\\\\\\\\\\\\\\\\\\\\\\\\\\\\\\\\\\
					TRIRIAC
\\\\\\\\\\\\\\\\\\\\\\\\\\\\\\\\\\\\\\\\\\\\\\\\\\\\\\\\\\\\\\\\\\\\\\\\\\\\\\\\\\\\\\\\\\\\\\\\\\\\\\\\\\\\\\\\\\\\\\\\\\\\\\\\\\\\\\
\\\\\\\\\\\\\\\\\\\\\\\\\\\\\\\\\\\\\\\\\\\\\\\\\\\\\\\\\\\\\\\\\\\\\\\\\\\\\\\\\\\\\\\\\\\\\\\\\\\\\\\\\\\\\\\\\\\\\\\\\\\\\\\\\\\\\\
-->	

<ship name="FR_SHIP_APPARITION_TRIRIAC" auto_blueprint="FR_APPARITION_TRIRIAC">
	<destroyed load="FR_HAUNT_APPARITION_TRIRIAC_DESTROYED"/>
	<deadCrew load="FR_HAUNT_APPARITION_TRIRIAC_DEADCREW"/>
</ship>

<event name="FR_HAUNT_APPARITION_TRIRIAC">
	<preventQuest/>
	<preventFleet/>
	<quest>
		<nebulaBeacon>false</nebulaBeacon>
		<aggressive>2</aggressive>
	</quest>
	<beaconType id="map_icon_fr_tririac_apparition" global="true">
		<color r="128" g="128" b="62" a="1"/>
	</beaconType>
	<text>You reach the spot specified by the urn, and as expected a ship is here to greet you. The ship's design is, however, completely unique from anything you have encountered so far, its lights drawing your mind in and fighting to keep it. After you finally regain your senses, you realize that this ship is so enigmatic that it doesn't have any legends attached to it, no stories, no database details, nothing.

		Suddunly you feel a strong force hit your mind, the being in charge of the ship is trying to communicate to you, its words sear your mind, the pain is indescribable. "C H I L D   O F   M A N,  D O   N O T   R E S I S T   T H E   C A L L,  S U B M I T."</text>
	<playSound>ghostDeath</playSound>
	<variable name="loc_fr_tririac_apparition_progress" op="set" val="0"/>
	<ship load="FR_SHIP_APPARITION_TRIRIAC" hostile="true"/> 
		<choice hidden="true">
			<text>Prepare to fight!</text>
				<event>
					<text>Realizing there's no way out of here without a fight, you turn on your weapons and engage the ship.</text>
						<choice hidden="true">
							<text>Continue...</text>
								<event load="COMBAT_CHECK"/>
						</choice>
				</event>
		</choice>
</event>

<event name="FR_HAUNT_APPARITION_TRIRIAC_DESTROYED">
	<text>The mighty vessel has been eliminated! Within its wreckage remains plenty of scrap and supplies for the taking.</text>
	<autoReward level="HIGH">standard_no_item</autoReward>
	<metaVariable name="prof_fr_tririac_apparition_killed" op="set" val="1"/>
	<variable name="loc_fr_tririac_apparition_killed" op="set" val="1"/>
	<choice hidden="true">
		<text>Continue...</text>
		<event load="FR_HAUNT_APPARITION_TRIRIAC_DROP"/>
	</choice>
</event>

<event name="FR_HAUNT_APPARITION_TRIRIAC_DEADCREW">
	<text>The mighty vessel has been vanquished! Within the now cleared cruiser, plenty of scrap and supplies remain for the taking.</text>
	<autoReward level="HIGH">standard_no_item</autoReward>
	<metaVariable name="prof_fr_tririac_apparition_killed" op="set" val="1"/>
	<variable name="loc_fr_tririac_apparition_killed" op="set" val="1"/>
	<choice hidden="true">
		<text>Continue...</text>
		<event load="FR_HAUNT_APPARITION_TRIRIAC_DROP"/>
	</choice>
</event>

<event name="FR_HAUNT_APPARITION_TRIRIAC_DROP">
	<text>You're also surprised to find a special haunted gun among the wreckage! You've never seen anything even remotely to something like this before, so you assume it's from a cluster unlike yours. 
		
		You expect the strange being to greet you, and indeed, the strange being appears in front of you. You brace for the mental assault, and yet it never arrived, instead the strange being just retreats into the bowls of the ship. Seems like they will work with you for now.</text>
	<achievement silent="false">ACH_FR_APPARITION_TRIRIAC</achievement>
	<unlockCustomShip silent="false">PLAYER_SHIP_FR_BONUS_HAUNT_TRIRIAC</unlockCustomShip>
	<crewMember amount="1" class="fr_bonus_tririac" all_skills="2">Tririac</crewMember>
	<autoReward level="LOW">standard_no_item</autoReward>
	<weapon name="FR_TRIRIAC_ABDUCTOR"/>
</event>

</FTL>