<?xml version="1.0" encoding="UTF-8"?>

<!--Copyright (c) 2012 by Subset Games. All rights reserved.-->
<img x="-17" y="-24" w="599" h="260" />
<offsets>
	<floor x="11" y="18" />
	<cloak x="-24" y="8" />
</offsets>
<weaponMounts>
	<mount x="581" y="91" rotate="true" mirror="true" gib="-1" slide="right" />
	<mount x="581" y="166" rotate="true" mirror="false" gib="-1" slide="right" />
	<mount x="527" y="51" rotate="true" mirror="true" gib="-1" slide="up" />
	<mount x="527" y="203" rotate="true" mirror="false" gib="-1" slide="down" />
	<mount x="81" y="127" rotate="true" mirror="true" gib="-1" slide="no" />
</weaponMounts>
<explosion />

