<?xml version="1.0" encoding="UTF-8"?>

<!--Copyright (c) 2012 by Subset Games. All rights reserved.-->
<img x="-142" y="-119" w="963" h="541" />
<offsets>
	<floor x="136" y="113" />
	<cloak x="-16" y="-25" />
</offsets>
<weaponMounts>
	<mount x="838" y="356" rotate="true" mirror="false" gib="-1" slide="down" />
	<mount x="838" y="161" rotate="true" mirror="true" gib="-1" slide="up" />
	<mount x="702" y="102" rotate="true" mirror="true" gib="-1" slide="up" />
	<mount x="702" y="418" rotate="true" mirror="false" gib="-1" slide="down" />
</weaponMounts>
<explosion />

