<?xml version="1.0" encoding="UTF-8"?>

<!--Copyright (c) 2012 by Subset Games. All rights reserved.-->
<img x="-60" y="-23" w="541" h="437" />
<offsets>
	<floor x="55" y="16" />
	<cloak x="-20" y="-19" />
</offsets>
<weaponMounts>
	<mount x="503" y="192" rotate="true" mirror="true" gib="-1" slide="up" />
	<mount x="503" y="244" rotate="true" mirror="false" gib="-1" slide="down" />
	<mount x="455" y="171" rotate="true" mirror="true" gib="-1" slide="up" />
	<mount x="455" y="268" rotate="true" mirror="false" gib="-1" slide="down" />
	<mount x="406" y="158" rotate="true" mirror="true" gib="-1" slide="no" />
	<mount x="406" y="280" rotate="true" mirror="false" gib="-1" slide="no" />
</weaponMounts>

<thrusters sync="true">
    <thruster x="-88" y="167" irotate="true">fr_tririac_main_thruster</thruster>
	<thruster x="44" y="93" irotate="true">fr_tririac_midside_thruster</thruster>
	<thruster x="44" y="299" irotate="true">fr_tririac_midside_thruster</thruster>
	<thruster x="110" y="12" irotate="true">fr_tririac_far_thruster</thruster>
	<thruster x="110" y="372" irotate="true">fr_tririac_far_thruster</thruster>
	<thruster x="-30" y="185" irotate="true">fr_tririac_top_thruster</thruster>
</thrusters>

<explosion />

