<?xml version="1.0" encoding="UTF-8"?>

<!--Copyright (c) 2012 by Subset Games. All rights reserved.-->
<img x="-125" y="-50" w="781" h="452" />
<offsets>
	<floor x="119" y="45" />
	<cloak x="-25" y="-25" />
</offsets>
<weaponMounts>
	<mount x="676" y="180" rotate="true" mirror="true" gib="-1" slide="up" />
	<mount x="676" y="273" rotate="true" mirror="false" gib="-1" slide="down" />
	<mount x="667" y="88" rotate="true" mirror="true" gib="-1" slide="up" />
	<mount x="667" y="364" rotate="true" mirror="false" gib="-1" slide="down" />
</weaponMounts>
<explosion />

