<?xml version="1.0" encoding="UTF-8"?>

<!--Copyright (c) 2012 by Subset Games. All rights reserved.-->
<img x="-61" y="-61" w="721" h="457" />
<offsets>
	<floor x="55" y="55" />
	<cloak x="17" y="19" />
</offsets>
<weaponMounts>
	<mount x="647" y="68" rotate="true" mirror="true" gib="-1" slide="up" />
	<mount x="561" y="353" rotate="true" mirror="false" gib="-1" slide="down" />
	<mount x="388" y="423" rotate="true" mirror="false" gib="-1" slide="down" />
	<mount x="538" y="30" rotate="true" mirror="true" gib="-1" slide="up" />
</weaponMounts>
<explosion />

