<?xml version="1.0" encoding="UTF-8"?>

<!--Copyright (c) 2012 by Subset Games. All rights reserved.-->
<img x="-22" y="-40" w="371" h="462" />
<offsets>
	<floor x="16" y="34" />
	<cloak x="-25" y="-25" />
</offsets>
<weaponMounts>
	<mount x="346" y="180" rotate="true" mirror="true" gib="-1" slide="up" />
	<mount x="278" y="408" rotate="true" mirror="false" gib="-1" slide="down" />
	<mount x="232" y="443" rotate="true" mirror="false" gib="-1" slide="down" />
	<mount x="282" y="56" rotate="true" mirror="true" gib="-1" slide="up" />
</weaponMounts>
<explosion />

