<?xml version="1.0" encoding="UTF-8"?>

<!--Copyright (c) 2012 by Subset Games. All rights reserved.-->
<img x="-52" y="-70" w="471" h="491" />
<offsets>
	<floor x="46" y="64" />
	<cloak x="-25" y="-25" />
</offsets>
<weaponMounts>
	<mount x="405" y="92" rotate="true" mirror="true" gib="-1" slide="up" />
	<mount x="405" y="399" rotate="true" mirror="false" gib="-1" slide="down" />
	<mount x="294" y="470" rotate="true" mirror="false" gib="-1" slide="down" />
	<mount x="294" y="21" rotate="true" mirror="true" gib="-1" slide="up" />
</weaponMounts>
<explosion />

