<?xml version="1.0" encoding="UTF-8"?>

<!--Copyright (c) 2012 by Subset Games. All rights reserved.-->
<img x="-63" y="-13" w="419" h="449" />
<offsets>
	<floor x="57" y="8" />
	<cloak x="-25" y="-25" />
</offsets>
<weaponMounts>
	<mount x="367" y="45" rotate="true" mirror="true" gib="-1" slide="up" />
	<mount x="367" y="406" rotate="true" mirror="false" gib="-1" slide="down" />
	<mount x="300" y="439" rotate="true" mirror="false" gib="-1" slide="down" />
	<mount x="300" y="11" rotate="true" mirror="true" gib="-1" slide="up" />
</weaponMounts>
<explosion />

