<?xml version="1.0" encoding="UTF-8"?>

<!--Copyright (c) 2012 by Subset Games. All rights reserved.-->
<img x="-54" y="-15" w="547" h="382" />
<offsets>
	<floor x="48" y="9" />
	<cloak x="-31" y="-38" />
</offsets>
<weaponMounts>
	<mount x="425" y="147" rotate="true" mirror="true" gib="-1" slide="up" />
	<mount x="425" y="235" rotate="true" mirror="false" gib="-1" slide="down" />
	<mount x="292" y="277" rotate="true" mirror="false" gib="-1" slide="down" />
	<mount x="292" y="105" rotate="true" mirror="true" gib="-1" slide="up" />
	<mount x="435" y="189" rotate="true" mirror="false" gib="-1" slide="no" />
</weaponMounts>

<thrusters sync="true">
    <thruster x="19" y="176">mup_fed_stealth_thrusters</thruster>
</thrusters>
<explosion />

