<?xml version="1.0" encoding="UTF-8"?>

<!--Copyright (c) 2012 by Subset Games. All rights reserved.-->
<img x="-50" y="-19" w="405" h="357" />
<offsets>
	<floor x="44" y="13" />
	<cloak x="0" y="-16" />
</offsets>
<weaponMounts>
	<mount x="329" y="41" rotate="true" mirror="true" gib="-1" slide="up" />
	<mount x="299" y="323" rotate="true" mirror="false" gib="-1" slide="down" />
	<mount x="101" y="345" rotate="true" mirror="false" gib="-1" slide="down" />
	<mount x="156" y="10" rotate="true" mirror="true" gib="-1" slide="up" />
</weaponMounts>
<explosion />

