<?xml version="1.0" encoding="UTF-8"?>

<!--Copyright (c) 2012 by Subset Games. All rights reserved.-->
<img x="-93" y="-16" w="963" h="541" />
<offsets>
	<floor x="87" y="10" />
	<cloak x="-17" y="-25" />
</offsets>
<weaponMounts>
	<mount x="761" y="119" rotate="true" mirror="true" gib="-1" slide="up" />
	<mount x="761" y="414" rotate="true" mirror="false" gib="-1" slide="down" />
	<mount x="640" y="448" rotate="true" mirror="false" gib="-1" slide="down" />
	<mount x="640" y="58" rotate="true" mirror="false" gib="-1" slide="up" />
</weaponMounts>
<explosion />

