<?xml version="1.0" encoding="UTF-8"?>

<!--Copyright (c) 2012 by Subset Games. All rights reserved.-->
<img x="-111" y="-110" w="600" h="606" />
<offsets>
	<floor x="106" y="105" />
	<cloak x="18" y="17" />
</offsets>
<weaponMounts>
	<mount x="481" y="178" rotate="true" mirror="true" gib="-1" slide="up" />
	<mount x="481" y="427" rotate="true" mirror="false" gib="-1" slide="down" />
	<mount x="381" y="498" rotate="true" mirror="false" gib="-1" slide="down" />
	<mount x="381" y="108" rotate="true" mirror="true" gib="-1" slide="up" />
</weaponMounts>
<explosion />

