<?xml version="1.0" encoding="UTF-8"?>

<!--Copyright (c) 2012 by Subset Games. All rights reserved.-->
<img x="-95" y="-113" w="681" h="529" />
<offsets>
	<floor x="89" y="107" />
	<cloak x="0" y="0" />
</offsets>
<weaponMounts>
	<mount x="561" y="143" rotate="true" mirror="true" gib="-1" slide="up" />
	<mount x="561" y="434" rotate="true" mirror="false" gib="-1" slide="down" />
	<mount x="455" y="475" rotate="true" mirror="false" gib="-1" slide="down" />
	<mount x="455" y="102" rotate="true" mirror="true" gib="-1" slide="up" />
	<mount x="515" y="219" rotate="true" mirror="false" gib="-1" slide="no" />
</weaponMounts>
<explosion />

