<?xml version="1.0" encoding="UTF-8"?>

<!--Copyright (c) 2012 by Subset Games. All rights reserved.-->
<img x="-46" y="-33" w="399" h="488" />
<offsets>
	<floor x="40" y="28" />
	<cloak x="0" y="0" />
</offsets>
<weaponMounts>
	<mount x="375" y="141" rotate="true" mirror="true" gib="-1" slide="up" />
	<mount x="375" y="347" rotate="true" mirror="false" gib="-1" slide="down" />
	<mount x="224" y="476" rotate="true" mirror="false" gib="-1" slide="down" />
	<mount x="224" y="11" rotate="true" mirror="true" gib="-1" slide="up" />
</weaponMounts>
<explosion />

