<?xml version="1.0" encoding="UTF-8"?>

<!--Copyright (c) 2012 by Subset Games. All rights reserved.-->
<img x="-64" y="-68" w="348" h="630" />
<offsets>
	<floor x="174" y="315" />
	<cloak x="174" y="315" />
</offsets>
<weaponMounts>
	<mount x="250" y="76" rotate="false" mirror="false" gib="-1" slide="right" />
	<mount x="85" y="102" rotate="false" mirror="true" gib="-1" slide="left" />
	<mount x="315" y="341" rotate="false" mirror="false" gib="-1" slide="right" />
</weaponMounts>
<explosion />

