<?xml version="1.0" encoding="UTF-8"?>

<!--Copyright (c) 2012 by Subset Games. All rights reserved.-->
<img x="-95" y="-66" w="529" h="681" />
<offsets>
	<floor x="264" y="340" />
	<cloak x="0" y="-3" />
</offsets>
<weaponMounts>
	<mount x="143" y="121" rotate="false" mirror="true" gib="-1" slide="left" />
	<mount x="434" y="121" rotate="false" mirror="false" gib="-1" slide="right" />
	<mount x="476" y="248" rotate="false" mirror="false" gib="-1" slide="right" />
	<mount x="100" y="248" rotate="false" mirror="true" gib="-1" slide="left" />
	<mount x="218" y="164" rotate="false" mirror="false" gib="-1" slide="no" />
</weaponMounts>
<explosion />

