<?xml version="1.0" encoding="UTF-8"?>

<!--Copyright (c) 2012 by Subset Games. All rights reserved.-->
<img x="-10" y="-49" w="371" h="511" />
<offsets>
	<floor x="185" y="255" />
	<cloak x="-25" y="-25" />
</offsets>
<weaponMounts>
	<mount x="67" y="86" rotate="false" mirror="true" gib="-1" slide="left" />
	<mount x="300" y="79" rotate="false" mirror="false" gib="-1" slide="right" />
	<mount x="369" y="174" rotate="false" mirror="false" gib="-1" slide="right" />
	<mount x="3" y="179" rotate="false" mirror="true" gib="-1" slide="left" />
	<mount x="185" y="18" rotate="false" mirror="false" gib="-1" slide="no" />
</weaponMounts>
<explosion />

