<?xml version="1.0" encoding="UTF-8"?>

<!--Copyright (c) 2012 by Subset Games. All rights reserved.-->
<img x="-25" y="-59" w="437" h="541" />
<offsets>
	<floor x="218" y="270" />
	<cloak x="-19" y="-20" />
</offsets>
<weaponMounts>
	<mount x="193" y="43" rotate="false" mirror="true" gib="-1" slide="left" />
	<mount x="247" y="43" rotate="false" mirror="false" gib="-1" slide="right" />
	<mount x="178" y="72" rotate="false" mirror="true" gib="-1" slide="left" />
	<mount x="260" y="72" rotate="false" mirror="false" gib="-1" slide="right" />
	<mount x="159" y="157" rotate="false" mirror="true" gib="-1" slide="no" />
	<mount x="277" y="157" rotate="false" mirror="false" gib="-1" slide="no" />
</weaponMounts>
<explosion />

