<?xml version="1.0" encoding="UTF-8"?>

<!--Copyright (c) 2012 by Subset Games. All rights reserved.-->
<img x="-32" y="-2" w="462" h="371" />
<offsets>
	<floor x="231" y="185" />
	<cloak x="-25" y="-25" />
</offsets>
<weaponMounts>
	<mount x="173" y="35" rotate="false" mirror="true" gib="-1" slide="left" />
	<mount x="319" y="68" rotate="false" mirror="false" gib="-1" slide="right" />
	<mount x="404" y="87" rotate="false" mirror="false" gib="-1" slide="right" />
	<mount x="45" y="105" rotate="false" mirror="true" gib="-1" slide="left" />
</weaponMounts>
<explosion />

