<?xml version="1.0" encoding="UTF-8"?>

<!--Copyright (c) 2012 by Subset Games. All rights reserved.-->
<img x="-29" y="-36" w="339" h="386" />
<offsets>
	<floor x="169" y="193" />
	<cloak x="0" y="0" />
</offsets>
<weaponMounts>
	<mount x="338" y="98" rotate="false" mirror="false" gib="-1" slide="right" />
	<mount x="2" y="99" rotate="false" mirror="true" gib="-1" slide="left" />
	<mount x="0" y="157" rotate="false" mirror="true" gib="-1" slide="left" />
	<mount x="337" y="162" rotate="false" mirror="false" gib="-1" slide="right" />
	<mount x="153" y="8" rotate="false" mirror="false" gib="-1" slide="no" />
</weaponMounts>
<explosion />

