<?xml version="1.0" encoding="UTF-8"?>

<!--Copyright (c) 2012 by Subset Games. All rights reserved.-->
<img x="-34" y="-28" w="488" h="399" />
<offsets>
	<floor x="244" y="199" />
	<cloak x="-25" y="-25" />
</offsets>
<weaponMounts>
	<mount x="361" y="39" rotate="false" mirror="false" gib="-1" slide="up" />
	<mount x="129" y="32" rotate="false" mirror="true" gib="-1" slide="up" />
	<mount x="34" y="118" rotate="false" mirror="true" gib="-1" slide="up" />
	<mount x="458" y="120" rotate="false" mirror="false" gib="-1" slide="up" />
</weaponMounts>
<explosion />

