<?xml version="1.0" encoding="UTF-8"?>

<!--Copyright (c) 2012 by Subset Games. All rights reserved.-->
<img x="-39" y="-29" w="375" h="503" />
<offsets>
	<floor x="187" y="251" />
	<cloak x="0" y="0" />
</offsets>
<weaponMounts>
	<mount x="29" y="109" rotate="false" mirror="true" gib="-1" slide="left" />
	<mount x="331" y="109" rotate="false" mirror="false" gib="-1" slide="right" />
	<mount x="16" y="324" rotate="false" mirror="true" gib="-1" slide="left" />
	<mount x="342" y="324" rotate="false" mirror="false" gib="-1" slide="right" />
</weaponMounts>
<explosion />

