<?xml version="1.0" encoding="UTF-8"?>

<!--Copyright (c) 2012 by Subset Games. All rights reserved.-->
<img x="-27" y="-10" w="277" h="257" />
<offsets>
	<floor x="138" y="128" />
	<cloak x="0" y="0" />
</offsets>
<weaponMounts>
	<mount x="32" y="62" rotate="false" mirror="true" gib="-1" slide="left" />
	<mount x="233" y="62" rotate="false" mirror="false" gib="-1" slide="right" />
	<mount x="14" y="160" rotate="false" mirror="true" gib="-1" slide="left" />
	<mount x="251" y="160" rotate="false" mirror="false" gib="-1" slide="right" />
</weaponMounts>
<explosion />

