<?xml version="1.0" encoding="UTF-8"?>

<!--Copyright (c) 2012 by Subset Games. All rights reserved.-->
<img x="2" y="-115" w="487" h="432" />
<offsets>
	<floor x="243" y="216" />
	<cloak x="-25" y="-8" />
</offsets>
<weaponMounts>
	<mount x="278" y="92" rotate="false" mirror="false" gib="3" slide="up" />
	<mount x="209" y="92" rotate="false" mirror="true" gib="4" slide="up" />
	<mount x="438" y="75" rotate="false" mirror="false" gib="3" slide="right" />
	<mount x="49" y="75" rotate="false" mirror="true" gib="4" slide="left" />
</weaponMounts>
<explosion />

