<?xml version="1.0" encoding="UTF-8"?>

<!--Copyright (c) 2012 by Subset Games. All rights reserved.-->
<img x="-53" y="-56" w="440" h="325" />
<offsets>
	<floor x="48" y="51" />
	<cloak x="-10" y="-10" />
</offsets>
<weaponMounts>
	<mount x="343" y="75" rotate="true" mirror="true" gib="-1" slide="up" />
	<mount x="360" y="289" rotate="true" mirror="false" gib="-1" slide="down" />
	<mount x="229" y="290" rotate="true" mirror="false" gib="-1" slide="down" />
	<mount x="208" y="33" rotate="true" mirror="true" gib="-1" slide="up" />
</weaponMounts>
<explosion />

