<?xml version="1.0" encoding="UTF-8"?>

<!--Copyright (c) 2012 by Subset Games. All rights reserved.-->
<img x="-128" y="-137" w="600" h="628" />
<offsets>
	<floor x="122" y="131" />
	<cloak x="0" y="-31" />
</offsets>
<weaponMounts>
	<mount x="412" y="191" rotate="true" mirror="true" gib="-1" slide="right" />
	<mount x="412" y="438" rotate="true" mirror="false" gib="-1" slide="right" />
	<mount x="490" y="267" rotate="true" mirror="true" gib="-1" slide="right" />
	<mount x="490" y="361" rotate="true" mirror="false" gib="-1" slide="right" />
</weaponMounts>
<explosion />

