<?xml version="1.0" encoding="UTF-8"?>

<!--Copyright (c) 2012 by Subset Games. All rights reserved.-->
<img x="-71" y="-53" w="471" h="491" />
<offsets>
	<floor x="65" y="47" />
	<cloak x="-25" y="-25" />
</offsets>
<weaponMounts>
	<mount x="417" y="96" rotate="true" mirror="true" gib="-1" slide="up" />
	<mount x="398" y="402" rotate="true" mirror="false" gib="-1" slide="down" />
	<mount x="286" y="469" rotate="true" mirror="false" gib="-1" slide="down" />
	<mount x="286" y="23" rotate="true" mirror="true" gib="-1" slide="up" />
</weaponMounts>
<explosion />

