<?xml version="1.0" encoding="UTF-8"?>

<!--Copyright (c) 2012 by Subset Games. All rights reserved.-->
<img x="-113" y="-8" w="490" h="476" />
<offsets>
	<floor x="107" y="4" />
	<cloak x="-7" y="-7" />
</offsets>
<weaponMounts>
	<mount x="438" y="200" rotate="true" mirror="true" gib="-1" slide="right" />
	<mount x="438" y="275" rotate="true" mirror="false" gib="-1" slide="right" />
	<mount x="466" y="147" rotate="true" mirror="true" gib="-1" slide="up" />
	<mount x="466" y="327" rotate="true" mirror="false" gib="-1" slide="down" />
	<mount x="383" y="32" rotate="true" mirror="false" gib="-1" slide="no" />
	<mount x="478" y="56" rotate="true" mirror="false" gib="-1" slide="no" />
	<mount x="380" y="411" rotate="true" mirror="false" gib="-1" slide="no" />
	<mount x="477" y="389" rotate="true" mirror="false" gib="-1" slide="no" />
</weaponMounts>
<explosion />

