<?xml version="1.0" encoding="UTF-8"?>

<!--Copyright (c) 2012 by Subset Games. All rights reserved.-->
<img x="-156" y="-19" w="582" h="355" />
<offsets>
	<floor x="151" y="13" />
	<cloak x="-24" y="-25" />
</offsets>
<weaponMounts>
	<mount x="548" y="93" rotate="true" mirror="true" gib="-1" slide="up" />
	<mount x="548" y="262" rotate="true" mirror="false" gib="-1" slide="down" />
	<mount x="434" y="326" rotate="true" mirror="false" gib="-1" slide="down" />
	<mount x="434" y="29" rotate="true" mirror="true" gib="-1" slide="up" />
</weaponMounts>
<explosion />

