<?xml version="1.0" encoding="UTF-8"?>

<!--Copyright (c) 2012 by Subset Games. All rights reserved.-->
<img x="-74" y="-58" w="650" h="469" />
<offsets>
	<floor x="68" y="52" />
	<cloak x="0" y="-6" />
</offsets>
<weaponMounts>
	<mount x="621" y="216" rotate="true" mirror="true" gib="-1" slide="up" />
	<mount x="621" y="248" rotate="true" mirror="false" gib="-1" slide="down" />
	<mount x="229" y="402" rotate="true" mirror="false" gib="-1" slide="down" />
	<mount x="229" y="67" rotate="true" mirror="true" gib="-1" slide="up" />
</weaponMounts>
<explosion />

