<?xml version="1.0" encoding="UTF-8"?>

<!--Copyright (c) 2012 by Subset Games. All rights reserved.-->
<img x="-104" y="-16" w="700" h="418" />
<offsets>
	<floor x="98" y="10" />
	<cloak x="0" y="0" />
</offsets>
<weaponMounts>
	<mount x="634" y="278" rotate="true" mirror="false" gib="-1" slide="down" />
	<mount x="634" y="142" rotate="true" mirror="true" gib="-1" slide="up" />
	<mount x="496" y="96" rotate="true" mirror="true" gib="-1" slide="up" />
	<mount x="496" y="322" rotate="true" mirror="false" gib="-1" slide="down" />
</weaponMounts>

<thrusters sync="true">
    <thruster x="22" y="44">fr_snowman_fire_side_thrusters</thruster>
    <thruster x="231" y="193">fr_snowman_fire_middle_thrusters</thruster>
    <thruster x="22" y="340">fr_snowman_fire_side_thrusters</thruster>
</thrusters>
<explosion />

