<?xml version="1.0" encoding="UTF-8"?>

<!--Copyright (c) 2012 by Subset Games. All rights reserved.-->
<img x="-76" y="-34" w="610" h="488" />
<offsets>
	<floor x="71" y="28" />
	<cloak x="-25" y="-25" />
</offsets>
<weaponMounts>
	<mount x="527" y="144" rotate="true" mirror="true" gib="-1" slide="up" />
	<mount x="539" y="339" rotate="true" mirror="false" gib="-1" slide="down" />
	<mount x="461" y="363" rotate="true" mirror="false" gib="-1" slide="down" />
	<mount x="461" y="125" rotate="true" mirror="true" gib="-1" slide="up" />
	<mount x="388" y="79" rotate="true" mirror="true" gib="-1" slide="no" />
	<mount x="388" y="399" rotate="true" mirror="false" gib="-1" slide="no" />
</weaponMounts>
<explosion />

