<?xml version="1.0" encoding="UTF-8"?>

<!--Copyright (c) 2012 by Subset Games. All rights reserved.-->
<img x="-100" y="-33" w="580" h="487" />
<offsets>
	<floor x="94" y="27" />
	<cloak x="-25" y="-25" />
</offsets>
<weaponMounts>
	<mount x="526" y="205" rotate="true" mirror="true" gib="-1" slide="up" />
	<mount x="526" y="284" rotate="true" mirror="false" gib="-1" slide="down" />
	<mount x="468" y="28" rotate="true" mirror="true" gib="-1" slide="up" />
	<mount x="468" y="460" rotate="true" mirror="false" gib="-1" slide="down" />
</weaponMounts>
<explosion />

