<?xml version="1.0" encoding="UTF-8"?>

<!--Copyright (c) 2012 by Subset Games. All rights reserved.-->
<img x="-89" y="-16" w="781" h="452" />
<offsets>
	<floor x="84" y="10" />
	<cloak x="-25" y="-25" />
</offsets>
<weaponMounts>
	<mount x="677" y="180" rotate="true" mirror="true" gib="-1" slide="up" />
	<mount x="677" y="272" rotate="true" mirror="false" gib="-1" slide="down" />
	<mount x="633" y="85" rotate="true" mirror="true" gib="-1" slide="up" />
	<mount x="633" y="367" rotate="true" mirror="false" gib="-1" slide="down" />
</weaponMounts>
<explosion />

