<?xml version="1.0" encoding="UTF-8"?>

<!--Copyright (c) 2012 by Subset Games. All rights reserved.-->
<img x="-105" y="-110" w="600" h="606" />
<offsets>
	<floor x="99" y="105" />
	<cloak x="18" y="17" />
</offsets>
<weaponMounts>
	<mount x="482" y="179" rotate="true" mirror="true" gib="-1" slide="up" />
	<mount x="482" y="428" rotate="true" mirror="false" gib="-1" slide="down" />
	<mount x="380" y="497" rotate="true" mirror="false" gib="-1" slide="down" />
	<mount x="380" y="110" rotate="true" mirror="true" gib="-1" slide="up" />
</weaponMounts>
<explosion />

