<?xml version="1.0" encoding="UTF-8"?>

<!--Copyright (c) 2012 by Subset Games. All rights reserved.-->
<img x="-25" y="-19" w="508" h="404" />
<offsets>
	<floor x="19" y="13" />
	<cloak x="-25" y="-25" />
</offsets>
<weaponMounts>
	<mount x="403" y="3" rotate="true" mirror="true" gib="-1" slide="up" />
	<mount x="403" y="380" rotate="true" mirror="false" gib="-1" slide="down" />
	<mount x="165" y="379" rotate="true" mirror="false" gib="-1" slide="down" />
	<mount x="165" y="3" rotate="true" mirror="true" gib="-1" slide="up" />
</weaponMounts>
<explosion />

