<?xml version="1.0" encoding="UTF-8"?>

<!--Copyright (c) 2012 by Subset Games. All rights reserved.-->
<img x="-72" y="-38" w="599" h="260" />
<offsets>
	<floor x="66" y="31" />
	<cloak x="0" y="1" />
</offsets>
<weaponMounts>
	<mount x="569" y="68" rotate="true" mirror="true" gib="-1" slide="up" />
	<mount x="569" y="225" rotate="true" mirror="false" gib="-1" slide="down" />
	<mount x="488" y="28" rotate="true" mirror="true" gib="-1" slide="up" />
	<mount x="488" y="255" rotate="true" mirror="false" gib="-1" slide="down" />
	<mount x="479" y="152" rotate="true" mirror="true" gib="-1" slide="no" />
</weaponMounts>

<mv-hullAnims>
	<hullAnim x="423" y="68">fr_osmian_black_hole_animation_a</hullAnim>
</mv-hullAnims>

<explosion />

