<?xml version="1.0" encoding="UTF-8"?>

<!--Copyright (c) 2012 by Subset Games. All rights reserved.-->
<img x="-30" y="-70" w="600" h="550" />
<offsets>
	<floor x="24" y="63" />
	<cloak x="-5" y="2" />
</offsets>
<weaponMounts>
	<mount x="582" y="246" rotate="true" mirror="false" gib="-1" slide="down" />
	<mount x="576" y="336" rotate="true" mirror="true" gib="-1" slide="up" />
	<mount x="575" y="199" rotate="true" mirror="true" gib="-1" slide="up" />
	<mount x="578" y="390" rotate="true" mirror="false" gib="-1" slide="down" />
</weaponMounts>
<explosion />

