<?xml version="1.0" encoding="UTF-8"?>

<!--Copyright (c) 2012 by Subset Games. All rights reserved.-->
<img x="-84" y="-35" w="471" h="491" />
<offsets>
	<floor x="78" y="29" />
	<cloak x="-25" y="-25" />
</offsets>
<weaponMounts>
	<mount x="358" y="73" rotate="true" mirror="true" gib="-1" slide="up" />
	<mount x="285" y="22" rotate="true" mirror="true" gib="-1" slide="up" />
	<mount x="358" y="418" rotate="true" mirror="false" gib="-1" slide="down" />
	<mount x="285" y="468" rotate="true" mirror="false" gib="-1" slide="down" />
</weaponMounts>
<explosion />

