<?xml version="1.0" encoding="UTF-8"?>

<!--Copyright (c) 2012 by Subset Games. All rights reserved.-->
<img x="-10" y="-6" w="371" h="641" />
<offsets>
	<floor x="185" y="320" />
	<cloak x="-20" y="-20" />
</offsets>
<weaponMounts>
	<mount x="73" y="37" rotate="false" mirror="true" gib="-1" slide="left" />
	<mount x="298" y="37" rotate="false" mirror="false" gib="-1" slide="right" />
	<mount x="363" y="152" rotate="false" mirror="false" gib="-1" slide="right" />
	<mount x="9" y="152" rotate="false" mirror="true" gib="-1" slide="left" />
	<mount x="223" y="282" rotate="false" mirror="false" gib="-1" slide="no" />
	<mount x="132" y="272" rotate="false" mirror="true" gib="-1" slide="no" />
</weaponMounts>
<explosion />

