<?xml version="1.0" encoding="UTF-8"?>

<!--Copyright (c) 2012 by Subset Games. All rights reserved.-->
<img x="-34" y="-2" w="488" h="399" />
<offsets>
	<floor x="244" y="199" />
	<cloak x="-25" y="-25" />
</offsets>
<weaponMounts>
	<mount x="207" y="57" rotate="false" mirror="false" gib="-1" slide="right" />
	<mount x="281" y="57" rotate="false" mirror="true" gib="-1" slide="left" />
	<mount x="137" y="30" rotate="false" mirror="true" gib="-1" slide="left" />
	<mount x="351" y="30" rotate="false" mirror="false" gib="-1" slide="right" />
</weaponMounts>
<explosion />

