<?xml version="1.0" encoding="UTF-8"?>

<!--Copyright (c) 2012 by Subset Games. All rights reserved.-->
<img x="-50" y="-82" w="457" h="721" />
<offsets>
	<floor x="228" y="360" />
	<cloak x="19" y="17" />
</offsets>
<weaponMounts>
	<mount x="68" y="92" rotate="false" mirror="true" gib="-1" slide="left" />
	<mount x="351" y="164" rotate="false" mirror="false" gib="-1" slide="right" />
	<mount x="386" y="244" rotate="false" mirror="false" gib="-1" slide="right" />
	<mount x="34" y="181" rotate="false" mirror="true" gib="-1" slide="left" />
</weaponMounts>
<explosion />

