<?xml version="1.0" encoding="UTF-8"?>

<!--Copyright (c) 2012 by Subset Games. All rights reserved.-->
<img x="-23" y="-27" w="362" h="556" />
<offsets>
	<floor x="181" y="278" />
	<cloak x="-25" y="-25" />
</offsets>
<weaponMounts>
	<mount x="79" y="79" rotate="false" mirror="true" gib="-1" slide="left" />
	<mount x="283" y="79" rotate="false" mirror="false" gib="-1" slide="right" />
	<mount x="359" y="364" rotate="false" mirror="false" gib="-1" slide="right" />
	<mount x="3" y="364" rotate="false" mirror="true" gib="-1" slide="left" />
</weaponMounts>
<explosion />

