<?xml version="1.0" encoding="UTF-8"?>

<!--Copyright (c) 2012 by Subset Games. All rights reserved.-->
<img x="-13" y="-2" w="404" h="508" />
<offsets>
	<floor x="202" y="254" />
	<cloak x="0" y="0" />
</offsets>
<weaponMounts>
	<mount x="4" y="107" rotate="false" mirror="true" gib="-1" slide="left" />
	<mount x="378" y="107" rotate="false" mirror="false" gib="-1" slide="right" />
	<mount x="379" y="347" rotate="false" mirror="false" gib="-1" slide="right" />
	<mount x="4" y="347" rotate="false" mirror="true" gib="-1" slide="left" />
</weaponMounts>
<explosion />

