<?xml version="1.0" encoding="UTF-8"?>

<!--Copyright (c) 2012 by Subset Games. All rights reserved.-->
<img x="-37" y="-41" w="355" h="582" />
<offsets>
	<floor x="177" y="291" />
	<cloak x="-25" y="-24" />
</offsets>
<weaponMounts>
	<mount x="94" y="41" rotate="false" mirror="true" gib="-1" slide="left" />
	<mount x="261" y="41" rotate="false" mirror="false" gib="-1" slide="right" />
	<mount x="284" y="116" rotate="false" mirror="false" gib="-1" slide="right" />
	<mount x="71" y="116" rotate="false" mirror="true" gib="-1" slide="left" />
	<mount x="30" y="152" rotate="false" mirror="true" gib="-1" slide="left" />
	<mount x="325" y="157" rotate="false" mirror="false" gib="-1" slide="right" />
</weaponMounts>
<explosion />

