<?xml version="1.0" encoding="UTF-8"?>

<!--Copyright (c) 2012 by Subset Games. All rights reserved.-->
<img x="-31" y="-65" w="344" h="481" />
<offsets>
	<floor x="172" y="240" />
	<cloak x="0" y="0" />
</offsets>
<weaponMounts>
	<mount x="192" y="166" rotate="false" mirror="false" gib="-1" slide="up" />
	<mount x="151" y="166" rotate="false" mirror="true" gib="-1" slide="up" />
	<mount x="300" y="45" rotate="false" mirror="false" gib="-1" slide="right" />
	<mount x="43" y="45" rotate="false" mirror="true" gib="-1" slide="left" />
</weaponMounts>
<explosion />

