<?xml version="1.0" encoding="UTF-8"?>

<!--Copyright (c) 2012 by Subset Games. All rights reserved.-->
<img x="-34" y="1" w="421" h="355" />
<offsets>
	<floor x="210" y="177" />
	<cloak x="-25" y="-25" />
</offsets>
<weaponMounts>
	<mount x="351" y="50" rotate="false" mirror="false" gib="-1" slide="up" />
	<mount x="67" y="43" rotate="false" mirror="true" gib="-1" slide="up" />
	<mount x="138" y="23" rotate="false" mirror="true" gib="-1" slide="up" />
	<mount x="281" y="24" rotate="false" mirror="false" gib="-1" slide="up" />
</weaponMounts>
<explosion />

