<?xml version="1.0" encoding="UTF-8"?>

<!--Copyright (c) 2012 by Subset Games. All rights reserved.-->
<img x="-100" y="-39" w="476" h="427" />
<offsets>
	<floor x="238" y="213" />
	<cloak x="0" y="0" />
</offsets>
<weaponMounts>
	<mount x="403" y="169" rotate="false" mirror="false" gib="-1" slide="right" />
	<mount x="69" y="169" rotate="false" mirror="true" gib="-1" slide="left" />
	<mount x="68" y="277" rotate="false" mirror="true" gib="-1" slide="left" />
	<mount x="398" y="363" rotate="false" mirror="false" gib="-1" slide="right" />
</weaponMounts>
<explosion />

