<?xml version="1.0" encoding="UTF-8"?>

<!--Copyright (c) 2012 by Subset Games. All rights reserved.-->
<img x="-18" y="-39" w="283" h="721" />
<offsets>
	<floor x="141" y="360" />
	<cloak x="7" y="21" />
</offsets>
<weaponMounts>
	<mount x="20" y="64" rotate="false" mirror="true" gib="-1" slide="left" />
	<mount x="264" y="64" rotate="false" mirror="false" gib="-1" slide="right" />
	<mount x="18" y="142" rotate="false" mirror="true" gib="-1" slide="left" />
	<mount x="264" y="142" rotate="false" mirror="false" gib="-1" slide="right" />
	<mount x="16" y="219" rotate="false" mirror="true" gib="-1" slide="left" />
	<mount x="268" y="219" rotate="false" mirror="false" gib="-1" slide="right" />
</weaponMounts>
<explosion />

