<?xml version="1.0" encoding="UTF-8"?>

<!--Copyright (c) 2012 by Subset Games. All rights reserved.-->
<img x="-25" y="-28" w="483" h="477" />
<offsets>
	<floor x="241" y="238" />
	<cloak x="2" y="13" />
</offsets>
<weaponMounts>
	<mount x="453" y="73" rotate="false" mirror="false" gib="-1" slide="up" />
	<mount x="18" y="73" rotate="false" mirror="true" gib="-1" slide="up" />
	<mount x="16" y="167" rotate="false" mirror="true" gib="-1" slide="up" />
	<mount x="455" y="169" rotate="false" mirror="false" gib="-1" slide="up" />
	<mount x="168" y="212" rotate="false" mirror="false" gib="-1" slide="no" />
</weaponMounts>
<explosion />

