<?xml version="1.0" encoding="UTF-8"?>

<!--Copyright (c) 2012 by Subset Games. All rights reserved.-->
<img x="-29" y="-30" w="410" h="470" />
<offsets>
	<floor x="205" y="235" />
	<cloak x="-65" y="-117" />
</offsets>
<weaponMounts>
	<mount x="5" y="224" rotate="false" mirror="true" gib="-1" slide="left" />
	<mount x="406" y="228" rotate="false" mirror="false" gib="-1" slide="right" />
	<mount x="5" y="355" rotate="false" mirror="true" gib="-1" slide="left" />
	<mount x="407" y="356" rotate="false" mirror="false" gib="-1" slide="right" />
	<mount x="-46" y="74" rotate="false" mirror="false" gib="-1" slide="no" />
	<mount x="62" y="-7" rotate="false" mirror="false" gib="-1" slide="no" />
	<mount x="172" y="-35" rotate="false" mirror="false" gib="-1" slide="no" />
	<mount x="266" y="-7" rotate="false" mirror="false" gib="-1" slide="no" />
	<mount x="359" y="95" rotate="false" mirror="false" gib="-1" slide="no" />
</weaponMounts>
<explosion />

