<?xml version="1.0" encoding="UTF-8"?>

<!--Copyright (c) 2012 by Subset Games. All rights reserved.-->
<img x="-87" y="-116" w="514" h="487" />
<offsets>
	<floor x="257" y="243" />
	<cloak x="30" y="34" />
</offsets>
<weaponMounts>
	<mount x="382" y="130" rotate="false" mirror="false" gib="-1" slide="right" />
	<mount x="422" y="216" rotate="false" mirror="false" gib="-1" slide="right" />
	<mount x="106" y="129" rotate="false" mirror="true" gib="-1" slide="left" />
	<mount x="70" y="217" rotate="false" mirror="true" gib="-1" slide="left" />
</weaponMounts>
<explosion />

