<?xml version="1.0" encoding="UTF-8"?>

<!--Copyright (c) 2012 by Subset Games. All rights reserved.-->
<img x="-35" y="-3" w="491" h="471" />
<offsets>
	<floor x="245" y="235" />
	<cloak x="-25" y="-25" />
</offsets>
<weaponMounts>
	<mount x="105" y="44" rotate="false" mirror="true" gib="-1" slide="left" />
	<mount x="388" y="44" rotate="false" mirror="false" gib="-1" slide="right" />
	<mount x="80" y="106" rotate="false" mirror="true" gib="-1" slide="left" />
	<mount x="411" y="106" rotate="false" mirror="false" gib="-1" slide="right" />
</weaponMounts>
<explosion />

