<?xml version="1.0" encoding="UTF-8"?>

<!--Copyright (c) 2012 by Subset Games. All rights reserved.-->
<img x="-38" y="-53" w="375" h="357" />
<offsets>
	<floor x="187" y="178" />
	<cloak x="0" y="0" />
</offsets>
<weaponMounts>
	<mount x="43" y="128" rotate="false" mirror="true" gib="-1" slide="left" />
	<mount x="319" y="128" rotate="false" mirror="false" gib="-1" slide="right" />
	<mount x="24" y="238" rotate="false" mirror="true" gib="-1" slide="left" />
	<mount x="336" y="238" rotate="false" mirror="false" gib="-1" slide="right" />
</weaponMounts>
<explosion />

