<?xml version="1.0" encoding="UTF-8"?>

<!--Copyright (c) 2012 by Subset Games. All rights reserved.-->
<img x="-26" y="-52" w="483" h="477" />
<offsets>
	<floor x="241" y="238" />
	<cloak x="2" y="13" />
</offsets>
<weaponMounts>
	<mount x="22" y="82" rotate="false" mirror="true" gib="-1" slide="left" />
	<mount x="450" y="82" rotate="false" mirror="false" gib="-1" slide="right" />
	<mount x="22" y="212" rotate="false" mirror="true" gib="-1" slide="left" />
	<mount x="450" y="212" rotate="false" mirror="false" gib="-1" slide="right" />
	<mount x="22" y="342" rotate="false" mirror="true" gib="-1" slide="left" />
	<mount x="450" y="342" rotate="false" mirror="false" gib="-1" slide="right" />
</weaponMounts>
<explosion />

