<?xml version="1.0" encoding="UTF-8"?>

<!--Copyright (c) 2012 by Subset Games. All rights reserved.-->
<img x="-32" y="-5" w="345" h="267" />
<offsets>
	<floor x="172" y="133" />
	<cloak x="-20" y="-20" />
</offsets>
<weaponMounts>
	<mount x="46" y="30" rotate="false" mirror="true" gib="-1" slide="left" />
	<mount x="299" y="30" rotate="false" mirror="false" gib="-1" slide="right" />
	<mount x="3" y="169" rotate="false" mirror="true" gib="-1" slide="left" />
	<mount x="342" y="169" rotate="false" mirror="false" gib="-1" slide="right" />
</weaponMounts>
<explosion />

