<?xml version="1.0" encoding="UTF-8"?>

<!--Copyright (c) 2012 by Subset Games. All rights reserved.-->
<img x="-26" y="-45" w="407" h="377" />
<offsets>
	<floor x="203" y="188" />
	<cloak x="-1" y="22" />
</offsets>
<weaponMounts>
	<mount x="22" y="88" rotate="false" mirror="true" gib="-1" slide="left" />
	<mount x="381" y="88" rotate="false" mirror="false" gib="-1" slide="right" />
	<mount x="22" y="252" rotate="false" mirror="true" gib="-1" slide="left" />
	<mount x="382" y="252" rotate="false" mirror="false" gib="-1" slide="right" />
</weaponMounts>
<explosion />

