<?xml version="1.0" encoding="UTF-8"?>

<!--Copyright (c) 2012 by Subset Games. All rights reserved.-->
<img x="-110" y="-10" w="641" h="371" />
<offsets>
	<floor x="104" y="4" />
	<cloak x="-20" y="-20" />
</offsets>
<weaponMounts>
	<mount x="599" y="63" rotate="true" mirror="true" gib="-1" slide="up" />
	<mount x="599" y="307" rotate="true" mirror="false" gib="-1" slide="down" />
	<mount x="464" y="368" rotate="true" mirror="false" gib="-1" slide="down" />
	<mount x="464" y="3" rotate="true" mirror="true" gib="-1" slide="up" />
</weaponMounts>
<explosion />

