<?xml version="1.0" encoding="UTF-8"?>

<!--Copyright (c) 2012 by Subset Games. All rights reserved.-->
<img x="-92" y="-36" w="721" h="283" />
<offsets>
	<floor x="86" y="30" />
	<cloak x="6" y="7" />
</offsets>
<weaponMounts>
	<mount x="657" y="21" rotate="true" mirror="true" gib="-1" slide="up" />
	<mount x="657" y="263" rotate="true" mirror="false" gib="-1" slide="down" />
	<mount x="657" y="88" rotate="true" mirror="false" gib="-1" slide="down" />
	<mount x="657" y="195" rotate="true" mirror="true" gib="-1" slide="up" />
</weaponMounts>
<explosion />

