<?xml version="1.0" encoding="UTF-8"?>

<!--Copyright (c) 2012 by Subset Games. All rights reserved.-->
<img x="-98" y="-38" w="566" h="566" />
<offsets>
	<floor x="92" y="32" />
	<cloak x="12" y="-17" />
</offsets>
<weaponMounts>
	<mount x="526" y="252" rotate="true" mirror="true" gib="-1" slide="up" />
	<mount x="526" y="315" rotate="true" mirror="false" gib="-1" slide="down" />
	<mount x="344" y="535" rotate="true" mirror="false" gib="-1" slide="down" />
	<mount x="344" y="30" rotate="true" mirror="true" gib="-1" slide="up" />
	<mount x="416" y="91" rotate="true" mirror="false" gib="-1" slide="no" />
	<mount x="464" y="178" rotate="true" mirror="false" gib="-1" slide="no" />
	<mount x="463" y="359" rotate="true" mirror="false" gib="-1" slide="no" />
	<mount x="417" y="446" rotate="true" mirror="false" gib="-1" slide="no" />
</weaponMounts>
<explosion />

