<?xml version="1.0" encoding="UTF-8"?>

<!--Copyright (c) 2012 by Subset Games. All rights reserved.-->
<img x="-57" y="-126" w="606" h="603" />
<offsets>
	<floor x="52" y="120" />
	<cloak x="0" y="0" />
</offsets>
<weaponMounts>
	<mount x="502" y="276" rotate="true" mirror="true" gib="-1" slide="up" />
	<mount x="502" y="330" rotate="true" mirror="false" gib="-1" slide="down" />
	<mount x="512" y="459" rotate="true" mirror="false" gib="-1" slide="down" />
	<mount x="512" y="144" rotate="true" mirror="true" gib="-1" slide="up" />
</weaponMounts>
<explosion />

