<?xml version="1.0" encoding="UTF-8"?>

<!--Copyright (c) 2012 by Subset Games. All rights reserved.-->
<img x="-92" y="-126" w="606" h="603" />
<offsets>
	<floor x="87" y="120" />
	<cloak x="0" y="0" />
</offsets>
<weaponMounts>
	<mount x="516" y="281" rotate="true" mirror="true" gib="-1" slide="up" />
	<mount x="516" y="315" rotate="true" mirror="false" gib="-1" slide="down" />
	<mount x="492" y="465" rotate="true" mirror="false" gib="-1" slide="down" />
	<mount x="492" y="137" rotate="true" mirror="true" gib="-1" slide="up" />
</weaponMounts>
<explosion />

