<?xml version="1.0" encoding="UTF-8"?>

<!--Copyright (c) 2012 by Subset Games. All rights reserved.-->
<img x="-120" y="-102" w="600" h="628" />
<offsets>
	<floor x="114" y="97" />
	<cloak x="0" y="-30" />
</offsets>
<weaponMounts>
	<mount x="448" y="228" rotate="true" mirror="true" gib="-1" slide="up" />
	<mount x="448" y="399" rotate="true" mirror="false" gib="-1" slide="down" />
	<mount x="341" y="522" rotate="true" mirror="false" gib="-1" slide="down" />
	<mount x="341" y="104" rotate="true" mirror="true" gib="-1" slide="up" />
</weaponMounts>
<explosion />

