<?xml version="1.0" encoding="UTF-8"?>

<!--Copyright (c) 2012 by Subset Games. All rights reserved.-->
<img x="-109" y="-28" w="641" h="371" />
<offsets>
	<floor x="103" y="22" />
	<cloak x="-20" y="-20" />
</offsets>
<weaponMounts>
	<mount x="595" y="58" rotate="true" mirror="true" gib="-1" slide="up" />
	<mount x="595" y="314" rotate="true" mirror="false" gib="-1" slide="down" />
	<mount x="459" y="369" rotate="true" mirror="false" gib="-1" slide="down" />
	<mount x="459" y="3" rotate="true" mirror="true" gib="-1" slide="up" />
</weaponMounts>
<explosion />

