<?xml version="1.0" encoding="UTF-8"?>

<!--Copyright (c) 2012 by Subset Games. All rights reserved.-->
<img x="-90" y="-86" w="781" h="452" />
<offsets>
	<floor x="85" y="80" />
	<cloak x="-25" y="-25" />
</offsets>
<weaponMounts>
	<mount x="668" y="176" rotate="true" mirror="true" gib="-1" slide="up" />
	<mount x="668" y="275" rotate="true" mirror="false" gib="-1" slide="down" />
	<mount x="644" y="87" rotate="true" mirror="true" gib="-1" slide="up" />
	<mount x="644" y="366" rotate="true" mirror="false" gib="-1" slide="down" />
</weaponMounts>
<explosion />

