<?xml version="1.0" encoding="UTF-8"?>

<!--Copyright (c) 2012 by Subset Games. All rights reserved.-->
<img x="-81" y="-34" w="399" h="488" />
<offsets>
	<floor x="75" y="28" />
	<cloak x="-25" y="-25" />
</offsets>
<weaponMounts>
	<mount x="360" y="204" rotate="true" mirror="false" gib="-1" slide="down" />
	<mount x="360" y="284" rotate="true" mirror="true" gib="-1" slide="up" />
	<mount x="351" y="121" rotate="true" mirror="true" gib="-1" slide="up" />
	<mount x="351" y="367" rotate="true" mirror="false" gib="-1" slide="down" />
</weaponMounts>
<explosion />

