<?xml version="1.0" encoding="UTF-8"?>

<!--Copyright (c) 2012 by Subset Games. All rights reserved.-->
<img x="-17" y="-45" w="508" h="416" />
<offsets>
	<floor x="12" y="40" />
	<cloak x="-25" y="-13" />
</offsets>
<weaponMounts>
	<mount x="478" y="97" rotate="true" mirror="true" gib="-1" slide="up" />
	<mount x="478" y="322" rotate="true" mirror="false" gib="-1" slide="down" />
	<mount x="406" y="15" rotate="true" mirror="true" gib="-1" slide="up" />
	<mount x="406" y="393" rotate="true" mirror="false" gib="-1" slide="down" />
</weaponMounts>
<explosion />

