<?xml version="1.0" encoding="UTF-8"?>

<!--Copyright (c) 2012 by Subset Games. All rights reserved.-->
<img x="-106" y="-37" w="580" h="355" />
<offsets>
	<floor x="100" y="31" />
	<cloak x="-25" y="-25" />
</offsets>
<weaponMounts>
	<mount x="533" y="89" rotate="true" mirror="true" gib="-1" slide="up" />
	<mount x="533" y="267" rotate="true" mirror="false" gib="-1" slide="down" />
	<mount x="423" y="330" rotate="true" mirror="false" gib="-1" slide="down" />
	<mount x="423" y="26" rotate="true" mirror="true" gib="-1" slide="up" />
</weaponMounts>
<explosion />

