<?xml version="1.0" encoding="UTF-8"?>

<!--Copyright (c) 2012 by Subset Games. All rights reserved.-->
<img x="-47" y="-1" w="399" h="488" />
<offsets>
	<floor x="41" y="-5" />
	<cloak x="0" y="0" />
</offsets>
<weaponMounts>
	<mount x="368" y="131" rotate="true" mirror="true" gib="-1" slide="up" />
	<mount x="368" y="355" rotate="true" mirror="false" gib="-1" slide="down" />
	<mount x="277" y="457" rotate="true" mirror="false" gib="-1" slide="down" />
	<mount x="277" y="32" rotate="true" mirror="true" gib="-1" slide="up" />
</weaponMounts>
<explosion />

