<?xml version="1.0" encoding="UTF-8"?>

<!--Copyright (c) 2012 by Subset Games. All rights reserved.-->
<img x="-132" y="-20" w="543" h="308" />
<offsets>
	<floor x="126" y="15" />
	<cloak x="-25" y="-25" />
</offsets>
<weaponMounts>
	<mount x="514" y="140" rotate="true" mirror="true" gib="-1" slide="up" />
	<mount x="515" y="214" rotate="true" mirror="false" gib="-1" slide="down" />
	<mount x="470" y="273" rotate="true" mirror="false" gib="-1" slide="down" />
	<mount x="475" y="75" rotate="true" mirror="true" gib="-1" slide="up" />
</weaponMounts>
<explosion />

