<?xml version="1.0" encoding="UTF-8"?>

<!--Copyright (c) 2012 by Subset Games. All rights reserved.-->
<img x="-38" y="-23" w="556" h="362" />
<offsets>
	<floor x="33" y="17" />
	<cloak x="-25" y="-25" />
</offsets>
<weaponMounts>
	<mount x="531" y="109" rotate="true" mirror="true" gib="-1" slide="up" />
	<mount x="531" y="254" rotate="true" mirror="false" gib="-1" slide="down" />
	<mount x="198" y="359" rotate="true" mirror="false" gib="-1" slide="down" />
	<mount x="198" y="3" rotate="true" mirror="true" gib="-1" slide="up" />
</weaponMounts>
<explosion />

