<?xml version="1.0" encoding="UTF-8"?>

<!--Copyright (c) 2012 by Subset Games. All rights reserved.-->
<img x="-20" y="-28" w="470" h="410" />
<offsets>
	<floor x="14" y="22" />
	<cloak x="-13" y="-66" />
</offsets>
<weaponMounts>
	<mount x="255" y="2" rotate="true" mirror="true" gib="-1" slide="up" />
	<mount x="255" y="409" rotate="true" mirror="false" gib="-1" slide="down" />
	<mount x="140" y="2" rotate="true" mirror="true" gib="-1" slide="up" />
	<mount x="140" y="409" rotate="true" mirror="false" gib="-1" slide="down" />
	<mount x="396" y="-47" rotate="true" mirror="false" gib="-1" slide="no" />
	<mount x="477" y="61" rotate="true" mirror="false" gib="-1" slide="no" />
	<mount x="505" y="171" rotate="true" mirror="false" gib="-1" slide="no" />
	<mount x="477" y="265" rotate="true" mirror="false" gib="-1" slide="no" />
	<mount x="375" y="358" rotate="true" mirror="false" gib="-1" slide="no" />
</weaponMounts>
<explosion />

