<?xml version="1.0" encoding="UTF-8"?>

<!--Copyright (c) 2012 by Subset Games. All rights reserved.-->
<img x="-6" y="-10" w="511" h="371" />
<offsets>
	<floor x="0" y="5" />
	<cloak x="-25" y="-25" />
</offsets>
<weaponMounts>
	<mount x="443" y="71" rotate="true" mirror="true" gib="-1" slide="up" />
	<mount x="443" y="302" rotate="true" mirror="false" gib="-1" slide="down" />
	<mount x="347" y="368" rotate="true" mirror="false" gib="-1" slide="down" />
	<mount x="347" y="2" rotate="true" mirror="true" gib="-1" slide="up" />
	<mount x="493" y="185" rotate="true" mirror="false" gib="-1" slide="no" />
</weaponMounts>
<explosion />

