<?xml version="1.0" encoding="UTF-8"?>

<!--Copyright (c) 2012 by Subset Games. All rights reserved.-->
<img x="-114" y="-19" w="721" h="283" />
<offsets>
	<floor x="109" y="13" />
	<cloak x="9" y="7" />
</offsets>
<weaponMounts>
	<mount x="616" y="20" rotate="true" mirror="true" gib="-1" slide="up" />
	<mount x="616" y="265" rotate="true" mirror="false" gib="-1" slide="down" />
	<mount x="616" y="90" rotate="true" mirror="false" gib="-1" slide="down" />
	<mount x="616" y="195" rotate="true" mirror="true" gib="-1" slide="up" />
</weaponMounts>
<explosion />

