<?xml version="1.0" encoding="UTF-8"?>

<!--Copyright (c) 2012 by Subset Games. All rights reserved.-->
<img x="-47" y="2" w="399" h="488" />
<offsets>
	<floor x="41" y="-7" />
	<cloak x="-25" y="-25" />
</offsets>
<weaponMounts>
	<mount x="370" y="136" rotate="true" mirror="true" gib="-1" slide="up" />
	<mount x="370" y="351" rotate="true" mirror="false" gib="-1" slide="down" />
	<mount x="225" y="476" rotate="true" mirror="false" gib="-1" slide="down" />
	<mount x="225" y="11" rotate="true" mirror="true" gib="-1" slide="up" />
</weaponMounts>
<explosion />

