<?xml version="1.0" encoding="UTF-8"?>

<!--Copyright (c) 2012 by Subset Games. All rights reserved.-->
<img x="-120" y="-119" w="600" h="628" />
<offsets>
	<floor x="114" y="113" />
	<cloak x="0" y="-30" />
</offsets>
<weaponMounts>
	<mount x="439" y="220" rotate="true" mirror="true" gib="-1" slide="up" />
	<mount x="439" y="402" rotate="true" mirror="false" gib="-1" slide="down" />
	<mount x="340" y="521" rotate="true" mirror="false" gib="-1" slide="down" />
	<mount x="340" y="105" rotate="true" mirror="true" gib="-1" slide="up" />
</weaponMounts>
<explosion />

