<?xml version="1.0" encoding="UTF-8"?>

<!--Copyright (c) 2012 by Subset Games. All rights reserved.-->
<img x="-38" y="-30" w="528" h="480" />
<offsets>
	<floor x="32" y="24" />
	<cloak x="-25" y="-25" />
</offsets>
<weaponMounts>
	<mount x="412" y="131" rotate="true" mirror="true" gib="-1" slide="up" />
	<mount x="412" y="349" rotate="true" mirror="false" gib="-1" slide="down" />
	<mount x="360" y="429" rotate="true" mirror="false" gib="-1" slide="down" />
	<mount x="360" y="50" rotate="true" mirror="true" gib="-1" slide="up" />
</weaponMounts>
<explosion />

