<?xml version="1.0" encoding="UTF-8"?>

<!--Copyright (c) 2012 by Subset Games. All rights reserved.-->
<img x="-82" y="-33" w="399" h="488" />
<offsets>
	<floor x="76" y="28" />
	<cloak x="0" y="0" />
</offsets>
<weaponMounts>
	<mount x="370" y="206" rotate="true" mirror="false" gib="-1" slide="down" />
	<mount x="369" y="282" rotate="true" mirror="true" gib="-1" slide="up" />
	<mount x="371" y="140" rotate="true" mirror="true" gib="-1" slide="up" />
	<mount x="371" y="349" rotate="true" mirror="false" gib="-1" slide="down" />
	<mount x="325" y="250" rotate="true" mirror="true" gib="-1" slide="right" />
</weaponMounts>
<explosion />

