<?xml version="1.0" encoding="UTF-8"?>

<!--Copyright (c) 2012 by Subset Games. All rights reserved.-->
<img x="-120" y="-37" w="582" h="355" />
<offsets>
	<floor x="114" y="31" />
	<cloak x="-24" y="-25" />
</offsets>
<weaponMounts>
	<mount x="544" y="94" rotate="true" mirror="true" gib="-1" slide="up" />
	<mount x="547" y="264" rotate="true" mirror="false" gib="-1" slide="down" />
	<mount x="426" y="329" rotate="true" mirror="false" gib="-1" slide="down" />
	<mount x="433" y="29" rotate="true" mirror="true" gib="-1" slide="up" />
	<mount x="551" y="181" rotate="true" mirror="true" gib="-1" slide="right" />
</weaponMounts>
<explosion />

