<?xml version="1.0" encoding="UTF-8"?>

<!--Copyright (c) 2012 by Subset Games. All rights reserved.-->
<img x="-58" y="-36" w="470" h="454" />
<offsets>
	<floor x="235" y="227" />
	<cloak x="-6" y="-15" />
</offsets>
<weaponMounts>
	<mount x="123" y="70" rotate="false" mirror="true" gib="-1" slide="left" />
	<mount x="343" y="70" rotate="false" mirror="false" gib="-1" slide="right" />
	<mount x="67" y="86" rotate="false" mirror="true" gib="-1" slide="left" />
	<mount x="399" y="86" rotate="false" mirror="false" gib="-1" slide="right" />
</weaponMounts>

<thrusters sync="true">
    <thruster x="214" y="406">fr_apparition_sally_thrusters_1</thruster>
    <thruster x="68" y="257">fr_apparition_sally_thrusters_2</thruster>
    <thruster x="390" y="257">fr_apparition_sally_thrusters_2</thruster>
    <thruster x="77" y="265">fr_apparition_sally_thrusters_3</thruster>
    <thruster x="382" y="265">fr_apparition_sally_thrusters_3</thruster>
    <thruster x="133" y="411">fr_apparition_sally_thrusters_3</thruster>
    <thruster x="326" y="411">fr_apparition_sally_thrusters_3</thruster>
    <thruster x="144" y="400">fr_apparition_sally_thrusters_4</thruster>
    <thruster x="317" y="400">fr_apparition_sally_thrusters_4</thruster>
</thrusters>
<explosion />

