<?xml version="1.0" encoding="UTF-8"?>

<!--Copyright (c) 2012 by Subset Games. All rights reserved.-->
<img x="-62" y="-35" w="517" h="517" />
<offsets>
	<floor x="258" y="258" />
	<cloak x="0" y="0" />
</offsets>
<weaponMounts>
	<mount x="59" y="95" rotate="false" mirror="true" gib="-1" slide="left" />
	<mount x="486" y="95" rotate="false" mirror="false" gib="-1" slide="right" />
	<mount x="77" y="291" rotate="false" mirror="true" gib="-1" slide="left" />
	<mount x="468" y="291" rotate="false" mirror="false" gib="-1" slide="right" />
	<mount x="203" y="104" rotate="false" mirror="false" gib="-1" slide="no" />
</weaponMounts>
<explosion />

