<?xml version="1.0" encoding="UTF-8"?>

<!--Copyright (c) 2012 by Subset Games. All rights reserved.-->
<img x="-18" y="-31" w="371" h="462" />
<offsets>
	<floor x="12" y="25" />
	<cloak x="-25" y="-25" />
</offsets>
<weaponMounts>
	<mount x="342" y="173" rotate="true" mirror="true" gib="-1" slide="up" />
	<mount x="307" y="320" rotate="true" mirror="false" gib="-1" slide="down" />
	<mount x="231" y="445" rotate="true" mirror="false" gib="-1" slide="down" />
	<mount x="269" y="48" rotate="true" mirror="true" gib="-1" slide="up" />
</weaponMounts>
<explosion />

