<?xml version="1.0" encoding="UTF-8"?>

<!--Copyright (c) 2012 by Subset Games. All rights reserved.-->
<img x="-16" y="-35" w="371" h="462" />
<offsets>
	<floor x="10" y="29" />
	<cloak x="-25" y="-25" />
</offsets>
<weaponMounts>
	<mount x="269" y="46" rotate="true" mirror="true" gib="-1" slide="up" />
	<mount x="278" y="411" rotate="true" mirror="false" gib="-1" slide="down" />
	<mount x="125" y="449" rotate="true" mirror="false" gib="-1" slide="down" />
	<mount x="124" y="12" rotate="true" mirror="true" gib="-1" slide="up" />
</weaponMounts>
<explosion />

