<?xml version="1.0" encoding="UTF-8"?>

<!--Copyright (c) 2012 by Subset Games. All rights reserved.-->
<img x="-57" y="-15" w="547" h="382" />
<offsets>
	<floor x="51" y="10" />
	<cloak x="-31" y="-38" />
</offsets>
<weaponMounts>
	<mount x="433" y="148" rotate="true" mirror="true" gib="-1" slide="up" />
	<mount x="433" y="234" rotate="true" mirror="false" gib="-1" slide="down" />
	<mount x="307" y="270" rotate="true" mirror="false" gib="-1" slide="down" />
	<mount x="307" y="112" rotate="true" mirror="true" gib="-1" slide="up" />
	<mount x="419" y="189" rotate="true" mirror="false" gib="-1" slide="no" />
</weaponMounts>

<thrusters sync="true">
    <thruster x="19" y="176">mup_fed_stealth_thrusters</thruster>
</thrusters>
<explosion />

