<?xml version="1.0" encoding="UTF-8"?>

<!--Copyright (c) 2012 by Subset Games. All rights reserved.-->
<img x="-75" y="-60" w="650" h="469" />
<offsets>
	<floor x="70" y="53" />
	<cloak x="0" y="-6" />
</offsets>
<weaponMounts>
	<mount x="529" y="300" rotate="true" mirror="false" gib="-1" slide="down" />
	<mount x="529" y="166" rotate="true" mirror="true" gib="-1" slide="up" />
	<mount x="347" y="365" rotate="true" mirror="false" gib="-1" slide="down" />
	<mount x="347" y="103" rotate="true" mirror="true" gib="-1" slide="up" />
</weaponMounts>
<explosion />

