<?xml version="1.0" encoding="UTF-8"?>

<!--Copyright (c) 2012 by Subset Games. All rights reserved.-->
<img x="-96" y="-112" w="681" h="529" />
<offsets>
	<floor x="90" y="106" />
	<cloak x="-3" y="0" />
</offsets>
<weaponMounts>
	<mount x="574" y="432" rotate="true" mirror="false" gib="-1" slide="down" />
	<mount x="574" y="144" rotate="true" mirror="true" gib="-1" slide="up" />
	<mount x="471" y="102" rotate="true" mirror="true" gib="-1" slide="up" />
	<mount x="471" y="475" rotate="true" mirror="false" gib="-1" slide="down" />
	<mount x="515" y="358" rotate="true" mirror="true" gib="-1" slide="no" />
</weaponMounts>
<explosion />

