<?xml version="1.0" encoding="UTF-8"?>

<!--Copyright (c) 2012 by Subset Games. All rights reserved.-->
<img x="-45" y="-37" w="511" h="566" />
<offsets>
	<floor x="39" y="31" />
	<cloak x="-28" y="28" />
</offsets>
<weaponMounts>
	<mount x="468" y="249" rotate="true" mirror="true" gib="-1" slide="up" />
	<mount x="468" y="314" rotate="true" mirror="false" gib="-1" slide="down" />
	<mount x="289" y="29" rotate="true" mirror="true" gib="-1" slide="up" />
	<mount x="383" y="410" rotate="true" mirror="false" gib="-1" slide="down" />
	<mount x="412" y="90" rotate="true" mirror="false" gib="-1" slide="no" />
	<mount x="450" y="176" rotate="true" mirror="false" gib="-1" slide="no" />
	<mount x="476" y="357" rotate="true" mirror="false" gib="-1" slide="no" />
</weaponMounts>
<explosion />

