<?xml version="1.0" encoding="UTF-8"?>

<!--Copyright (c) 2012 by Subset Games. All rights reserved.-->
<img x="-84" y="-52" w="471" h="491" />
<offsets>
	<floor x="78" y="46" />
	<cloak x="-25" y="-25" />
</offsets>
<weaponMounts>
	<mount x="419" y="99" rotate="true" mirror="true" gib="-1" slide="up" />
	<mount x="419" y="393" rotate="true" mirror="false" gib="-1" slide="down" />
	<mount x="302" y="470" rotate="true" mirror="false" gib="-1" slide="down" />
	<mount x="302" y="22" rotate="true" mirror="true" gib="-1" slide="up" />
</weaponMounts>
<explosion />

