<?xml version="1.0" encoding="UTF-8"?>

<!--Copyright (c) 2012 by Subset Games. All rights reserved.-->
<img x="-79" y="-54" w="721" h="457" />
<offsets>
	<floor x="74" y="48" />
	<cloak x="17" y="19" />
</offsets>
<weaponMounts>
	<mount x="671" y="76" rotate="true" mirror="true" gib="-1" slide="up" />
	<mount x="583" y="336" rotate="true" mirror="false" gib="-1" slide="down" />
	<mount x="383" y="425" rotate="true" mirror="false" gib="-1" slide="down" />
	<mount x="539" y="31" rotate="true" mirror="true" gib="-1" slide="up" />
</weaponMounts>
<explosion />

