<?xml version="1.0" encoding="UTF-8"?>

<!--Copyright (c) 2012 by Subset Games. All rights reserved.-->
<img x="-51" y="-59" w="650" h="469" />
<offsets>
	<floor x="45" y="53" />
	<cloak x="0" y="-6" />
</offsets>
<weaponMounts>
	<mount x="531" y="302" rotate="true" mirror="false" gib="-1" slide="down" />
	<mount x="531" y="167" rotate="true" mirror="true" gib="-1" slide="up" />
	<mount x="576" y="191" rotate="true" mirror="true" gib="-1" slide="up" />
	<mount x="576" y="279" rotate="true" mirror="false" gib="-1" slide="down" />
</weaponMounts>
<explosion />

