<?xml version="1.0" encoding="UTF-8"?>

<!--Copyright (c) 2012 by Subset Games. All rights reserved.-->
<img x="-45" y="-40" w="458" h="399" />
<offsets>
	<floor x="39" y="34" />
	<cloak x="-25" y="-25" />
</offsets>
<weaponMounts>
	<mount x="433" y="182" rotate="true" mirror="true" gib="-1" slide="up" />
	<mount x="431" y="252" rotate="true" mirror="false" gib="-1" slide="down" />
	<mount x="362" y="342" rotate="true" mirror="false" gib="-1" slide="down" />
	<mount x="367" y="91" rotate="true" mirror="true" gib="-1" slide="up" />
	<mount x="431" y="109" rotate="true" mirror="false" gib="-1" slide="no" />
	<mount x="431" y="290" rotate="true" mirror="false" gib="-1" slide="no" />
</weaponMounts>
<explosion />

