<?xml version="1.0" encoding="UTF-8"?>

<!--Copyright (c) 2012 by Subset Games. All rights reserved.-->
<img x="-65" y="-40" w="556" h="362" />
<offsets>
	<floor x="59" y="35" />
	<cloak x="-25" y="-25" />
</offsets>
<weaponMounts>
	<mount x="482" y="77" rotate="true" mirror="true" gib="-1" slide="up" />
	<mount x="482" y="288" rotate="true" mirror="false" gib="-1" slide="down" />
	<mount x="363" y="55" rotate="true" mirror="true" gib="-1" slide="up" />
	<mount x="363" y="312" rotate="true" mirror="false" gib="-1" slide="down" />
</weaponMounts>
<explosion />

