<?xml version="1.0" encoding="UTF-8"?>

<!--Copyright (c) 2012 by Subset Games. All rights reserved.-->
<img x="-63" y="-53" w="406" h="697" />
<offsets>
	<floor x="203" y="348" />
	<cloak x="0" y="0" />
</offsets>
<weaponMounts>
	<mount x="167" y="90" rotate="false" mirror="true" gib="-1" slide="left" />
	<mount x="240" y="90" rotate="false" mirror="false" gib="-1" slide="right" />
	<mount x="103" y="144" rotate="false" mirror="true" gib="-1" slide="left" />
	<mount x="303" y="144" rotate="false" mirror="false" gib="-1" slide="right" />
	<mount x="308" y="212" rotate="false" mirror="false" gib="-1" slide="no" />
	<mount x="98" y="212" rotate="false" mirror="true" gib="-1" slide="no" />
	<mount x="60" y="385" rotate="false" mirror="true" gib="-1" slide="no" />
	<mount x="346" y="385" rotate="false" mirror="false" gib="-1" slide="no" />
</weaponMounts>
<thrusters sync="true">
    <thruster x="38" y="481">fr_watcher_cruiser_b_thruster</thruster>
    <thruster x="264" y="481" mirror="true">fr_watcher_cruiser_b_thruster</thruster>
</thrusters>
<explosion />

