<?xml version="1.0" encoding="UTF-8"?>

<!--Copyright (c) 2012 by Subset Games. All rights reserved.-->
<img x="-55" y="-8" w="264" h="424" />
<offsets>
	<floor x="132" y="212" />
	<cloak x="0" y="0" />
</offsets>
<weaponMounts>
	<mount x="238" y="105" rotate="false" mirror="false" gib="-1" slide="right" />
	<mount x="32" y="157" rotate="false" mirror="true" gib="-1" slide="left" />
	<mount x="38" y="305" rotate="false" mirror="true" gib="-1" slide="left" />
	<mount x="246" y="257" rotate="false" mirror="false" gib="-1" slide="right" />
</weaponMounts>
<explosion />

