<?xml version="1.0" encoding="UTF-8"?>

<!--Copyright (c) 2012 by Subset Games. All rights reserved.-->
<img x="-34" y="-1" w="309" h="305" />
<offsets>
	<floor x="154" y="152" />
	<cloak x="0" y="0" />
</offsets>
<weaponMounts>
	<mount x="224" y="90" rotate="false" mirror="false" gib="-1" slide="right" />
	<mount x="90" y="90" rotate="false" mirror="true" gib="-1" slide="left" />
	<mount x="15" y="201" rotate="false" mirror="true" gib="-1" slide="left" />
	<mount x="299" y="201" rotate="false" mirror="false" gib="-1" slide="right" />
</weaponMounts>
<explosion />

