<?xml version="1.0" encoding="UTF-8"?>

<!--Copyright (c) 2012 by Subset Games. All rights reserved.-->
<img x="-37" y="-29" w="528" h="480" />
<offsets>
	<floor x="31" y="24" />
	<cloak x="-25" y="-25" />
</offsets>
<weaponMounts>
	<mount x="503" y="214" rotate="true" mirror="true" gib="-1" slide="up" />
	<mount x="503" y="267" rotate="true" mirror="false" gib="-1" slide="down" />
	<mount x="365" y="429" rotate="true" mirror="false" gib="-1" slide="down" />
	<mount x="365" y="51" rotate="true" mirror="true" gib="-1" slide="up" />
</weaponMounts>
<explosion />

