<?xml version="1.0" encoding="UTF-8"?>

<!--Copyright (c) 2012 by Subset Games. All rights reserved.-->
<img x="-75" y="-30" w="583" h="481" />
<offsets>
	<floor x="69" y="24" />
	<cloak x="-25" y="-25" />
</offsets>
<weaponMounts>
	<mount x="436" y="174" rotate="true" mirror="true" gib="-1" slide="up" />
	<mount x="436" y="308" rotate="true" mirror="false" gib="-1" slide="down" />
	<mount x="556" y="418" rotate="true" mirror="false" gib="-1" slide="down" />
	<mount x="556" y="63" rotate="true" mirror="true" gib="-1" slide="up" />
</weaponMounts>
<explosion />

