<?xml version="1.0" encoding="UTF-8"?>

<!--Copyright (c) 2012 by Subset Games. All rights reserved.-->
<img x="-151" y="-112" w="619" h="619" />
<offsets>
	<floor x="145" y="106" />
	<cloak x="0" y="0" />
</offsets>
<weaponMounts>
	<mount x="586" y="280" rotate="true" mirror="true" gib="-1" slide="up" />
	<mount x="586" y="332" rotate="true" mirror="false" gib="-1" slide="down" />
	<mount x="574" y="407" rotate="true" mirror="false" gib="-1" slide="down" />
	<mount x="574" y="204" rotate="true" mirror="true" gib="-1" slide="up" />
</weaponMounts>
<explosion />

