<?xml version="1.0" encoding="UTF-8"?>

<!--Copyright (c) 2012 by Subset Games. All rights reserved.-->
<img x="-101" y="-16" w="580" h="487" />
<offsets>
	<floor x="96" y="10" />
	<cloak x="-25" y="-25" />
</offsets>
<weaponMounts>
	<mount x="502" y="202" rotate="true" mirror="true" gib="-1" slide="up" />
	<mount x="502" y="287" rotate="true" mirror="false" gib="-1" slide="down" />
	<mount x="459" y="25" rotate="true" mirror="true" gib="-1" slide="up" />
	<mount x="459" y="462" rotate="true" mirror="false" gib="-1" slide="down" />
</weaponMounts>
<explosion />

