<?xml version="1.0" encoding="UTF-8"?>

<!--Copyright (c) 2012 by Subset Games. All rights reserved.-->
<img x="-154" y="-130" w="619" h="619" />
<offsets>
	<floor x="148" y="125" />
	<cloak x="-7" y="74" />
</offsets>
<weaponMounts>
	<mount x="592" y="282" rotate="true" mirror="true" gib="-1" slide="up" />
	<mount x="592" y="330" rotate="true" mirror="false" gib="-1" slide="down" />
	<mount x="528" y="172" rotate="true" mirror="true" gib="-1" slide="up" />
	<mount x="528" y="440" rotate="true" mirror="false" gib="-1" slide="down" />
</weaponMounts>
<explosion />

