<?xml version="1.0" encoding="UTF-8"?>

<!--Copyright (c) 2012 by Subset Games. All rights reserved.-->
<img x="-129" y="-60" w="710" h="401" />
<offsets>
	<floor x="123" y="54" />
	<cloak x="-10" y="-10" />
</offsets>
<weaponMounts>
	<mount x="571" y="107" rotate="true" mirror="true" gib="-1" slide="up" />
	<mount x="571" y="295" rotate="true" mirror="false" gib="-1" slide="down" />
	<mount x="255" y="368" rotate="true" mirror="false" gib="-1" slide="down" />
	<mount x="255" y="33" rotate="true" mirror="true" gib="-1" slide="up" />
	<mount x="596" y="200" rotate="true" mirror="false" gib="-1" slide="no" />
</weaponMounts>
<thrusters sync="true">
    <thruster x="18" y="44">fr_tester_a_thrusters</thruster>
    <thruster x="18" y="285">fr_tester_a_thrusters</thruster>
</thrusters>
<explosion />

