<?xml version="1.0" encoding="UTF-8"?>

<!--Copyright (c) 2012 by Subset Games. All rights reserved.-->
<img x="-100" y="-33" w="580" h="487" />
<offsets>
	<floor x="94" y="27" />
	<cloak x="-25" y="-25" />
</offsets>
<weaponMounts>
	<mount x="525" y="204" rotate="true" mirror="true" gib="-1" slide="up" />
	<mount x="525" y="285" rotate="true" mirror="false" gib="-1" slide="down" />
	<mount x="443" y="19" rotate="true" mirror="true" gib="-1" slide="up" />
	<mount x="443" y="469" rotate="true" mirror="false" gib="-1" slide="down" />
</weaponMounts>
<explosion />

