<?xml version="1.0" encoding="UTF-8"?>

<!--Copyright (c) 2012 by Subset Games. All rights reserved.-->
<img x="-98" y="-85" w="600" h="628" />
<offsets>
	<floor x="92" y="79" />
	<cloak x="0" y="-30" />
</offsets>
<weaponMounts>
	<mount x="450" y="224" rotate="true" mirror="true" gib="-1" slide="up" />
	<mount x="340" y="105" rotate="true" mirror="true" gib="-1" slide="up" />
	<mount x="340" y="521" rotate="true" mirror="false" gib="-1" slide="down" />
	<mount x="450" y="397" rotate="true" mirror="false" gib="-1" slide="down" />
</weaponMounts>
<explosion />

