<?xml version="1.0" encoding="UTF-8"?>

<!--Copyright (c) 2012 by Subset Games. All rights reserved.-->
<img x="0" y="-39" w="599" h="260" />
<offsets>
	<floor x="-6" y="34" />
	<cloak x="-24" y="8" />
</offsets>
<weaponMounts>
	<mount x="540" y="56" rotate="true" mirror="true" gib="-1" slide="up" />
	<mount x="435" y="33" rotate="true" mirror="true" gib="-1" slide="up" />
	<mount x="540" y="197" rotate="true" mirror="false" gib="-1" slide="down" />
	<mount x="435" y="218" rotate="true" mirror="false" gib="-1" slide="down" />
	<mount x="97" y="128" rotate="true" mirror="true" gib="-1" slide="no" />
</weaponMounts>
<explosion />

