<?xml version="1.0" encoding="UTF-8"?>

<!--Copyright (c) 2012 by Subset Games. All rights reserved.-->
<img x="-107" y="-35" w="666" h="351" />
<offsets>
	<floor x="101" y="29" />
	<cloak x="1" y="0" />
</offsets>
<weaponMounts>
	<mount x="143" y="12" rotate="true" mirror="true" gib="-1" slide="up" />
	<mount x="143" y="339" rotate="true" mirror="false" gib="-1" slide="down" />
	<mount x="549" y="81" rotate="true" mirror="true" gib="-1" slide="up" />
	<mount x="549" y="270" rotate="true" mirror="false" gib="-1" slide="down" />
	<mount x="560" y="194" rotate="true" mirror="true" gib="-1" slide="no" />
</weaponMounts>

<thrusters sync="true">
    <thruster x="0" y="21">fr_tester_b_side_thrusters</thruster>
    <thruster x="96" y="143">fr_tester_b_middle_thrusters</thruster>
    <thruster x="0" y="264">fr_tester_b_side_thrusters</thruster>
</thrusters>
<explosion />

