<?xml version="1.0" encoding="UTF-8"?>

<!--Copyright (c) 2012 by Subset Games. All rights reserved.-->
<img x="-72" y="-34" w="471" h="491" />
<offsets>
	<floor x="66" y="28" />
	<cloak x="-25" y="-25" />
</offsets>
<weaponMounts>
	<mount x="399" y="91" rotate="true" mirror="true" gib="-1" slide="up" />
	<mount x="399" y="400" rotate="true" mirror="false" gib="-1" slide="down" />
	<mount x="290" y="470" rotate="true" mirror="false" gib="-1" slide="down" />
	<mount x="290" y="22" rotate="true" mirror="true" gib="-1" slide="up" />
</weaponMounts>
<explosion />

