<?xml version="1.0" encoding="UTF-8"?>

<!--Copyright (c) 2012 by Subset Games. All rights reserved.-->
<img x="-24" y="-5" w="556" h="362" />
<offsets>
	<floor x="18" y="0" />
	<cloak x="-25" y="-25" />
</offsets>
<weaponMounts>
	<mount x="539" y="115" rotate="true" mirror="true" gib="-1" slide="up" />
	<mount x="539" y="246" rotate="true" mirror="false" gib="-1" slide="down" />
	<mount x="192" y="359" rotate="true" mirror="false" gib="-1" slide="down" />
	<mount x="192" y="3" rotate="true" mirror="true" gib="-1" slide="up" />
</weaponMounts>
<explosion />

