<?xml version="1.0" encoding="UTF-8"?>

<!--Copyright (c) 2012 by Subset Games. All rights reserved.-->
<img x="-27" y="-14" w="419" h="449" />
<offsets>
	<floor x="21" y="8" />
	<cloak x="-25" y="-25" />
</offsets>
<weaponMounts>
	<mount x="356" y="408" rotate="true" mirror="false" gib="-1" slide="down" />
	<mount x="356" y="40" rotate="true" mirror="true" gib="-1" slide="up" />
	<mount x="290" y="9" rotate="true" mirror="true" gib="-1" slide="up" />
	<mount x="290" y="438" rotate="true" mirror="false" gib="-1" slide="down" />
</weaponMounts>
<explosion />

