<?xml version="1.0" encoding="UTF-8"?>

<!--Copyright (c) 2012 by Subset Games. All rights reserved.-->
<img x="-110" y="-96" w="681" h="529" />
<offsets>
	<floor x="104" y="89" />
	<cloak x="0" y="0" />
</offsets>
<weaponMounts>
	<mount x="423" y="102" rotate="true" mirror="true" gib="-1" slide="up" />
	<mount x="423" y="475" rotate="true" mirror="false" gib="-1" slide="down" />
	<mount x="542" y="143" rotate="true" mirror="true" gib="-1" slide="up" />
	<mount x="542" y="434" rotate="true" mirror="false" gib="-1" slide="down" />
	<mount x="515" y="219" rotate="true" mirror="false" gib="-1" slide="no" />
</weaponMounts>
<explosion />

