<?xml version="1.0" encoding="UTF-8"?>

<!--Copyright (c) 2012 by Subset Games. All rights reserved.-->
<img x="-63" y="-23" w="650" h="469" />
<offsets>
	<floor x="57" y="17" />
	<cloak x="0" y="-6" />
</offsets>
<weaponMounts>
	<mount x="609" y="213" rotate="true" mirror="true" gib="-1" slide="up" />
	<mount x="609" y="256" rotate="true" mirror="false" gib="-1" slide="down" />
	<mount x="230" y="400" rotate="true" mirror="false" gib="-1" slide="down" />
	<mount x="230" y="68" rotate="true" mirror="true" gib="-1" slide="up" />
</weaponMounts>
<explosion />

