<?xml version="1.0" encoding="UTF-8"?>

<!--Copyright (c) 2012 by Subset Games. All rights reserved.-->
<img x="-80" y="-28" w="641" h="371" />
<offsets>
	<floor x="74" y="22" />
	<cloak x="-20" y="-20" />
</offsets>
<weaponMounts>
	<mount x="577" y="43" rotate="true" mirror="true" gib="-1" slide="up" />
	<mount x="459" y="5" rotate="true" mirror="true" gib="-1" slide="up" />
	<mount x="577" y="332" rotate="true" mirror="false" gib="-1" slide="down" />
	<mount x="459" y="368" rotate="true" mirror="false" gib="-1" slide="down" />
	<mount x="375" y="184" rotate="true" mirror="true" gib="-1" slide="no" />
</weaponMounts>
<explosion />

