<?xml version="1.0" encoding="UTF-8"?>

<!--Copyright (c) 2012 by Subset Games. All rights reserved.-->
<img x="-24" y="-66" w="600" h="550" />
<offsets>
	<floor x="18" y="59" />
	<cloak x="-5" y="2" />
</offsets>
<weaponMounts>
	<mount x="577" y="229" rotate="true" mirror="true" gib="-1" slide="up" />
	<mount x="570" y="338" rotate="true" mirror="true" gib="-1" slide="up" />
	<mount x="588" y="104" rotate="true" mirror="true" gib="-1" slide="up" />
	<mount x="571" y="397" rotate="true" mirror="false" gib="-1" slide="down" />
</weaponMounts>
<explosion />

