<?xml version="1.0" encoding="UTF-8"?>

<!--Copyright (c) 2012 by Subset Games. All rights reserved.-->
<img x="-127" y="-120" w="600" h="628" />
<offsets>
	<floor x="121" y="114" />
	<cloak x="0" y="-30" />
</offsets>
<weaponMounts>
	<mount x="457" y="232" rotate="true" mirror="true" gib="-1" slide="up" />
	<mount x="457" y="393" rotate="true" mirror="false" gib="-1" slide="down" />
	<mount x="344" y="519" rotate="true" mirror="false" gib="-1" slide="down" />
	<mount x="344" y="107" rotate="true" mirror="true" gib="-1" slide="up" />
</weaponMounts>
<explosion />

