<?xml version="1.0" encoding="UTF-8"?>

<!--Copyright (c) 2012 by Subset Games. All rights reserved.-->
<img x="-115" y="-72" w="511" h="566" />
<offsets>
	<floor x="109" y="67" />
	<cloak x="0" y="0" />
</offsets>
<weaponMounts>
	<mount x="442" y="236" rotate="true" mirror="true" gib="-1" slide="up" />
	<mount x="441" y="333" rotate="true" mirror="false" gib="-1" slide="down" />
	<mount x="295" y="539" rotate="true" mirror="false" gib="-1" slide="down" />
	<mount x="296" y="30" rotate="true" mirror="true" gib="-1" slide="up" />
	<mount x="411" y="89" rotate="true" mirror="false" gib="-1" slide="no" />
	<mount x="457" y="176" rotate="true" mirror="false" gib="-1" slide="no" />
	<mount x="457" y="357" rotate="true" mirror="false" gib="-1" slide="no" />
	<mount x="411" y="444" rotate="true" mirror="false" gib="-1" slide="no" />
</weaponMounts>
<explosion />

