<?xml version="1.0" encoding="UTF-8"?>

<!--Copyright (c) 2012 by Subset Games. All rights reserved.-->
<img x="-84" y="-58" w="454" h="470" />
<offsets>
	<floor x="78" y="52" />
	<cloak x="-15" y="-6" />
</offsets>
<weaponMounts>
	<mount x="396" y="129" rotate="true" mirror="true" gib="-1" slide="up" />
	<mount x="396" y="342" rotate="true" mirror="false" gib="-1" slide="down" />
	<mount x="371" y="399" rotate="true" mirror="false" gib="-1" slide="down" />
	<mount x="371" y="69" rotate="true" mirror="true" gib="-1" slide="up" />
</weaponMounts>

<thrusters sync="true">
    <thruster x="23" y="214">mup_spider_thrusters_1</thruster>
    <thruster x="183" y="68">mup_spider_thrusters_2</thruster>
    <thruster x="183" y="390">mup_spider_thrusters_2</thruster>
    <thruster x="30" y="133">mup_spider_thrusters_3</thruster>
    <thruster x="30" y="326">mup_spider_thrusters_3</thruster>
    <thruster x="176" y="77">mup_spider_thrusters_3</thruster>
    <thruster x="176" y="382">mup_spider_thrusters_3</thruster>
    <thruster x="41" y="144">mup_spider_thrusters_4</thruster>
    <thruster x="41" y="317">mup_spider_thrusters_4</thruster>
</thrusters>
<explosion />

