<?xml version="1.0" encoding="UTF-8"?>

<!--Copyright (c) 2012 by Subset Games. All rights reserved.-->
<img x="-230" y="-51" w="963" h="541" />
<offsets>
	<floor x="224" y="45" />
	<cloak x="-16" y="-25" />
</offsets>
<weaponMounts>
	<mount x="852" y="169" rotate="true" mirror="true" gib="-1" slide="up" />
	<mount x="711" y="106" rotate="true" mirror="true" gib="-1" slide="up" />
	<mount x="852" y="351" rotate="true" mirror="false" gib="-1" slide="down" />
	<mount x="711" y="415" rotate="true" mirror="false" gib="-1" slide="down" />
	<mount x="952" y="264" rotate="true" mirror="true" gib="-1" slide="right" />
</weaponMounts>
<explosion />

