<?xml version="1.0" encoding="UTF-8"?>

<!--Copyright (c) 2012 by Subset Games. All rights reserved.-->
<img x="-95" y="-111" w="681" h="529" />
<offsets>
	<floor x="89" y="105" />
	<cloak x="-3" y="0" />
</offsets>
<weaponMounts>
	<mount x="578" y="141" rotate="true" mirror="true" gib="-1" slide="up" />
	<mount x="578" y="435" rotate="true" mirror="false" gib="-1" slide="down" />
	<mount x="457" y="477" rotate="true" mirror="false" gib="-1" slide="down" />
	<mount x="457" y="100" rotate="true" mirror="true" gib="-1" slide="up" />
	<mount x="514" y="358" rotate="true" mirror="true" gib="-1" slide="no" />
</weaponMounts>
<explosion />

