<metadata>
  <title><![CDATA[ FTL: MULTIVERSE - FORGOTTEN RACES ADDON ]]></title>
  <threadUrl><![CDATA[https://ftlmultiverse.boards.net/thread/12/forgotten-races]]></threadUrl>
  <author><![CDATA[Gabriel Cooper And HereticChurch]]></author>
  <version><![CDATA[ 15.0.8 ]]></version>
  <description>
<![CDATA[ 
PATCH AFTER MULTIVERSE, REQUIRES INFERNO CORE 1.2+ AND THE RENEGADE COLLECTION, PATCH BOTH OF THOSE BEFORE FR

This mod brings back the in-cannon extinct subclass of the Ancients/Obelisks called the "Commonwealth". It adds content for the now almost extinct salt people race and a new cruiser line for the osmians, as well as a brand new sector with unique music and a few unlocks beacons all throughout the game.

Forgotten Races also adds 136 new ships, 138 weapons and drones not counting artilleries (mostly exclusive to said ships), 50 new crews that can be found on the new ships, a revived questline with dozens of unlocks that wasn't implemented to multiverse years ago and 2 new renegade bosses, both with exclusive weapons. Those ships all have some kinda gimmick, not all of them have a very complicated one however.

Thanks to the playtesters: DemonFusion, Altzeus, FilteredTea, RoseNebula, Cobaltsong and Sword Freshman

(Huge thanks to Cyrus, Altzeus, DemonFusion and Julk who helped this mod a lot over the course of its development, this little addon wouldn't be nowhere near what it is now without their help)

Mantis queen, golden lanius and copper lanius sprites by: Prophet of The Grand Schnitzel

Metal Lanius's miniship sprites made by : Kix

Sprites for the rues and federation artilleries made by : Kix

Tully dialog rewrites by : slow

Golden Flak sprite made by : MISTER D, CERTIFIED MISTER

Tartarus's music (both explore and battle) as well as G's theme was made by: Altzeus

Watcher's cruiser and enemy hull made by: woona

Salt Weapons Sprites by: Alder

Spherax Eye Code by: Pepson

Grammar help by: kāne

artillery surges code made by: Chrono Vortex

sammy sprites made by:܇Moreorlesser

Lua codes made by and with the help of: Choosechee, Julk, Pepson, RoadTrain, LoudMute, chrono and Arc

appending codding help by :܇Blizz/mr_easy_money

Achievement icons for the Operator, flagships (including the rues flagship), snowman, osmian, salt battleship and metal pyramid ships made by:܇AgentTHeKatie

Works with Multiverse 5.4.X
]]>
  </description>
</metadata>