<?xml version="1.0" encoding="UTF-8"?>

<!--Copyright (c) 2012 by Subset Games. All rights reserved.-->
<img x="-15" y="-130" w="452" h="781" />
<offsets>
	<floor x="226" y="390" />
	<cloak x="-25" y="-25" />
</offsets>
<weaponMounts>
	<mount x="74" y="228" rotate="false" mirror="true" gib="-1" slide="left" />
	<mount x="378" y="228" rotate="false" mirror="false" gib="-1" slide="down" />
	<mount x="87" y="125" rotate="false" mirror="true" gib="-1" slide="left" />
	<mount x="364" y="125" rotate="false" mirror="false" gib="-1" slide="right" />
</weaponMounts>
<explosion />

