<?xml version="1.0" encoding="UTF-8"?>

<!--Copyright (c) 2012 by Subset Games. All rights reserved.-->
<img x="-37" y="-26" w="566" h="511" />
<offsets>
	<floor x="283" y="255" />
	<cloak x="28" y="-28" />
</offsets>
<weaponMounts>
	<mount x="249" y="54" rotate="false" mirror="true" gib="-1" slide="left" />
	<mount x="317" y="54" rotate="false" mirror="false" gib="-1" slide="right" />
	<mount x="406" y="136" rotate="false" mirror="false" gib="-1" slide="right" />
	<mount x="151" y="139" rotate="false" mirror="true" gib="-1" slide="left" />
	<mount x="89" y="100" rotate="false" mirror="false" gib="-1" slide="no" />
	<mount x="176" y="61" rotate="false" mirror="false" gib="-1" slide="no" />
	<mount x="357" y="35" rotate="false" mirror="false" gib="-1" slide="no" />
</weaponMounts>
<explosion />

