<?xml version="1.0" encoding="UTF-8"?>

<!--Copyright (c) 2012 by Subset Games. All rights reserved.-->
<img x="-110" y="-138" w="606" h="600" />
<offsets>
	<floor x="303" y="300" />
	<cloak x="17" y="18" />
</offsets>
<weaponMounts>
	<mount x="181" y="123" rotate="false" mirror="true" gib="-1" slide="left" />
	<mount x="426" y="123" rotate="false" mirror="false" gib="-1" slide="right" />
	<mount x="497" y="223" rotate="false" mirror="false" gib="-1" slide="right" />
	<mount x="110" y="223" rotate="false" mirror="true" gib="-1" slide="left" />
</weaponMounts>
<explosion />

