<?xml version="1.0" encoding="UTF-8"?>

<!--Copyright (c) 2012 by Subset Games. All rights reserved.-->
<img x="-34" y="0" w="204" h="380" />
<offsets>
	<floor x="102" y="190" />
	<cloak x="-25" y="-25" />
</offsets>
<weaponMounts>
	<mount x="189" y="120" rotate="false" mirror="false" gib="-1" slide="right" />
	<mount x="5" y="119" rotate="false" mirror="true" gib="-1" slide="left" />
	<mount x="17" y="285" rotate="false" mirror="true" gib="-1" slide="left" />
	<mount x="192" y="290" rotate="false" mirror="false" gib="-1" slide="right" />
</weaponMounts>
<explosion />

