<?xml version="1.0" encoding="UTF-8"?>

<!--Copyright (c) 2012 by Subset Games. All rights reserved.-->
<img x="-4" y="-54" w="394" h="495" />
<offsets>
	<floor x="197" y="247" />
	<cloak x="0" y="0" />
</offsets>
<weaponMounts>
	<mount x="252" y="49" rotate="false" mirror="false" gib="-1" slide="right" />
	<mount x="142" y="49" rotate="false" mirror="true" gib="-1" slide="left" />
	<mount x="17" y="81" rotate="false" mirror="true" gib="-1" slide="left" />
	<mount x="378" y="81" rotate="false" mirror="false" gib="-1" slide="right" />
</weaponMounts>
<explosion />

