<?xml version="1.0" encoding="UTF-8"?>

<!--Copyright (c) 2012 by Subset Games. All rights reserved.-->
<img x="-102" y="-198" w="628" h="600" />
<offsets>
	<floor x="314" y="300" />
	<cloak x="-30" y="0" />
</offsets>
<weaponMounts>
	<mount x="232" y="158" rotate="false" mirror="true" gib="-1" slide="left" />
	<mount x="393" y="158" rotate="false" mirror="false" gib="-1" slide="right" />
	<mount x="104" y="256" rotate="false" mirror="true" gib="-1" slide="left" />
	<mount x="521" y="256" rotate="false" mirror="false" gib="-1" slide="right" />
</weaponMounts>
<explosion />

