<?xml version="1.0" encoding="UTF-8"?>

<!--Copyright (c) 2012 by Subset Games. All rights reserved.-->
<img x="-1" y="-1" w="491" h="471" />
<offsets>
	<floor x="245" y="235" />
	<cloak x="-25" y="-25" />
</offsets>
<weaponMounts>
	<mount x="102" y="41" rotate="false" mirror="true" gib="-1" slide="left" />
	<mount x="389" y="41" rotate="false" mirror="false" gib="-1" slide="right" />
	<mount x="21" y="181" rotate="false" mirror="true" gib="-1" slide="left" />
	<mount x="470" y="181" rotate="false" mirror="false" gib="-1" slide="right" />
</weaponMounts>
<explosion />

