<?xml version="1.0" encoding="UTF-8"?>

<!--Copyright (c) 2012 by Subset Games. All rights reserved.-->
<img x="-23" y="-38" w="152" h="175" />
<offsets>
	<floor x="76" y="87" />
	<cloak x="-20" y="-12" />
</offsets>
<weaponMounts>
	<mount x="19" y="41" rotate="false" mirror="true" gib="-1" slide="left" />
	<mount x="133" y="41" rotate="false" mirror="false" gib="-1" slide="right" />
	<mount x="10" y="100" rotate="false" mirror="true" gib="-1" slide="left" />
	<mount x="142" y="100" rotate="false" mirror="false" gib="-1" slide="right" />
</weaponMounts>
<explosion />

