<?xml version="1.0" encoding="UTF-8"?>

<!--Copyright (c) 2012 by Subset Games. All rights reserved.-->
<img x="-8" y="-25" w="296" h="478" />
<offsets>
	<floor x="148" y="239" />
	<cloak x="0" y="0" />
</offsets>
<weaponMounts>
	<mount x="3" y="36" rotate="false" mirror="true" gib="-1" slide="left" />
	<mount x="296" y="36" rotate="false" mirror="false" gib="-1" slide="right" />
	<mount x="0" y="161" rotate="false" mirror="true" gib="-1" slide="left" />
	<mount x="296" y="161" rotate="false" mirror="false" gib="-1" slide="right" />
</weaponMounts>
<explosion />

