<?xml version="1.0" encoding="UTF-8"?>

<!--Copyright (c) 2012 by Subset Games. All rights reserved.-->
<img x="-20" y="-15" w="287" h="367" />
<offsets>
	<floor x="143" y="183" />
	<cloak x="0" y="0" />
</offsets>
<weaponMounts>
	<mount x="77" y="45" rotate="false" mirror="true" gib="-1" slide="left" />
	<mount x="211" y="45" rotate="false" mirror="false" gib="-1" slide="right" />
	<mount x="9" y="115" rotate="false" mirror="true" gib="-1" slide="left" />
	<mount x="277" y="115" rotate="false" mirror="false" gib="-1" slide="right" />
</weaponMounts>
<explosion />

