<?xml version="1.0" encoding="UTF-8"?>

<!--Copyright (c) 2012 by Subset Games. All rights reserved.-->
<img x="-95" y="-80" w="529" h="681" />
<offsets>
	<floor x="264" y="340" />
	<cloak x="0" y="-6" />
</offsets>
<weaponMounts>
	<mount x="145" y="122" rotate="false" mirror="true" gib="-1" slide="left" />
	<mount x="432" y="122" rotate="false" mirror="false" gib="-1" slide="right" />
	<mount x="475" y="236" rotate="false" mirror="false" gib="-1" slide="right" />
	<mount x="103" y="236" rotate="false" mirror="true" gib="-1" slide="left" />
	<mount x="219" y="167" rotate="false" mirror="false" gib="-1" slide="no" />
</weaponMounts>
<explosion />

