<?xml version="1.0" encoding="UTF-8"?>

<!--Copyright (c) 2012 by Subset Games. All rights reserved.-->
<img x="-97" y="-115" w="681" h="529" />
<offsets>
	<floor x="92" y="110" />
	<cloak x="-1" y="1" />
</offsets>
<weaponMounts>
	<mount x="587" y="434" rotate="true" mirror="false" gib="-1" slide="down" />
	<mount x="587" y="145" rotate="true" mirror="true" gib="-1" slide="up" />
	<mount x="482" y="100" rotate="true" mirror="true" gib="-1" slide="up" />
	<mount x="482" y="476" rotate="true" mirror="false" gib="-1" slide="down" />
	<mount x="515" y="219" rotate="true" mirror="false" gib="-1" slide="no" />
</weaponMounts>
<explosion />

