<?xml version="1.0" encoding="UTF-8"?>

<!--Copyright (c) 2012 by Subset Games. All rights reserved.-->
<img x="-29" y="-36" w="511" h="566" />
<offsets>
	<floor x="23" y="30" />
	<cloak x="-28" y="28" />
</offsets>
<weaponMounts>
	<mount x="458" y="247" rotate="true" mirror="true" gib="-1" slide="up" />
	<mount x="458" y="322" rotate="true" mirror="false" gib="-1" slide="down" />
	<mount x="384" y="408" rotate="true" mirror="false" gib="-1" slide="down" />
	<mount x="289" y="30" rotate="true" mirror="true" gib="-1" slide="up" />
	<mount x="413" y="122" rotate="true" mirror="true" gib="-1" slide="no" />
	<mount x="455" y="210" rotate="true" mirror="true" gib="-1" slide="no" />
	<mount x="477" y="391" rotate="true" mirror="true" gib="-1" slide="no" />
</weaponMounts>
<explosion />

