<?xml version="1.0" encoding="UTF-8"?>

<!--Copyright (c) 2012 by Subset Games. All rights reserved.-->
<img x="-97" y="-34" w="610" h="488" />
<offsets>
	<floor x="92" y="28" />
	<cloak x="-7" y="-8" />
</offsets>
<weaponMounts>
	<mount x="545" y="151" rotate="true" mirror="true" gib="-1" slide="up" />
	<mount x="545" y="341" rotate="true" mirror="false" gib="-1" slide="down" />
	<mount x="436" y="118" rotate="true" mirror="true" gib="-1" slide="up" />
	<mount x="436" y="373" rotate="true" mirror="false" gib="-1" slide="down" />
	<mount x="385" y="80" rotate="true" mirror="true" gib="-1" slide="up" />
	<mount x="385" y="408" rotate="true" mirror="false" gib="-1" slide="down" />
</weaponMounts>
<explosion />

