<?xml version="1.0" encoding="UTF-8"?>

<!--Copyright (c) 2012 by Subset Games. All rights reserved.-->
<img x="-38" y="-48" w="583" h="481" />
<offsets>
	<floor x="32" y="42" />
	<cloak x="-25" y="-25" />
</offsets>
<weaponMounts>
	<mount x="442" y="171" rotate="true" mirror="true" gib="-1" slide="up" />
	<mount x="442" y="305" rotate="true" mirror="false" gib="-1" slide="down" />
	<mount x="558" y="417" rotate="true" mirror="false" gib="-1" slide="down" />
	<mount x="558" y="65" rotate="true" mirror="true" gib="-1" slide="up" />
</weaponMounts>
<explosion />

