<?xml version="1.0" encoding="UTF-8"?>

<!--Copyright (c) 2012 by Subset Games. All rights reserved.-->
<img x="-67" y="-32" w="580" h="487" />
<offsets>
	<floor x="62" y="28" />
	<cloak x="-25" y="-25" />
</offsets>
<weaponMounts>
	<mount x="556" y="217" rotate="true" mirror="true" gib="-1" slide="up" />
	<mount x="556" y="269" rotate="true" mirror="false" gib="-1" slide="down" />
	<mount x="445" y="181" rotate="true" mirror="true" gib="-1" slide="up" />
	<mount x="445" y="307" rotate="true" mirror="false" gib="-1" slide="down" />
	<mount x="471" y="29" rotate="true" mirror="true" gib="-1" slide="up" />
	<mount x="471" y="459" rotate="true" mirror="false" gib="-1" slide="down" />
</weaponMounts>
<explosion />

