<?xml version="1.0" encoding="UTF-8"?>

<!--Copyright (c) 2012 by Subset Games. All rights reserved.-->
<img x="-18" y="-28" w="511" h="371" />
<offsets>
	<floor x="14" y="22" />
	<cloak x="-25" y="-25" />
</offsets>
<weaponMounts>
	<mount x="448" y="68" rotate="true" mirror="true" gib="-1" slide="up" />
	<mount x="448" y="306" rotate="true" mirror="false" gib="-1" slide="down" />
	<mount x="346" y="372" rotate="true" mirror="false" gib="-1" slide="down" />
	<mount x="346" y="1" rotate="true" mirror="true" gib="-1" slide="up" />
	<mount x="495" y="186" rotate="true" mirror="true" gib="-1" slide="no" />
</weaponMounts>
<explosion />

