<?xml version="1.0" encoding="UTF-8"?>

<!--Copyright (c) 2012 by Subset Games. All rights reserved.-->
<img x="-120" y="-102" w="600" h="628" />
<offsets>
	<floor x="112" y="94" />
	<cloak x="0" y="-30" />
</offsets>
<weaponMounts>
	<mount x="462" y="236" rotate="true" mirror="true" gib="-1" slide="up" />
	<mount x="462" y="391" rotate="true" mirror="false" gib="-1" slide="down" />
	<mount x="344" y="521" rotate="true" mirror="false" gib="-1" slide="down" />
	<mount x="344" y="106" rotate="true" mirror="true" gib="-1" slide="up" />
</weaponMounts>
<explosion />

