<?xml version="1.0" encoding="UTF-8"?>

<!--Copyright (c) 2012 by Subset Games. All rights reserved.-->
<img x="-58" y="-55" w="511" h="566" />
<offsets>
	<floor x="52" y="51" />
	<cloak x="0" y="0" />
</offsets>
<weaponMounts>
	<mount x="454" y="245" rotate="true" mirror="true" gib="-1" slide="up" />
	<mount x="454" y="321" rotate="true" mirror="false" gib="-1" slide="down" />
	<mount x="280" y="31" rotate="true" mirror="true" gib="-1" slide="up" />
	<mount x="280" y="535" rotate="true" mirror="false" gib="-1" slide="down" />
	<mount x="410" y="89" rotate="true" mirror="false" gib="-1" slide="no" />
	<mount x="457" y="176" rotate="true" mirror="false" gib="-1" slide="no" />
	<mount x="457" y="357" rotate="true" mirror="false" gib="-1" slide="no" />
	<mount x="411" y="444" rotate="true" mirror="false" gib="-1" slide="no" />
</weaponMounts>
<explosion />

