<?xml version="1.0" encoding="UTF-8"?>

<!--Copyright (c) 2012 by Subset Games. All rights reserved.-->
<img x="-29" y="-53" w="487" h="386" />
<offsets>
	<floor x="23" y="47" />
	<cloak x="0" y="9" />
</offsets>
<weaponMounts>
	<mount x="364" y="27" rotate="true" mirror="true" gib="-1" slide="up" />
	<mount x="364" y="359" rotate="true" mirror="false" gib="-1" slide="down" />
	<mount x="376" y="158" rotate="true" mirror="false" gib="-1" slide="down" />
	<mount x="376" y="229" rotate="true" mirror="true" gib="-1" slide="up" />
</weaponMounts>
<explosion />

