<?xml version="1.0" encoding="UTF-8"?>

<!--Copyright (c) 2012 by Subset Games. All rights reserved.-->
<img x="-53" y="-23" w="405" h="357" />
<offsets>
	<floor x="48" y="17" />
	<cloak x="0" y="-16" />
</offsets>
<weaponMounts>
	<mount x="332" y="43" rotate="true" mirror="true" gib="-1" slide="up" />
	<mount x="299" y="323" rotate="true" mirror="false" gib="-1" slide="down" />
	<mount x="103" y="345" rotate="true" mirror="false" gib="-1" slide="down" />
	<mount x="160" y="11" rotate="true" mirror="true" gib="-1" slide="up" />
</weaponMounts>
<explosion />

