<?xml version="1.0" encoding="UTF-8"?>

<!--Copyright (c) 2012 by Subset Games. All rights reserved.-->
<img x="-44" y="-66" w="600" h="550" />
<offsets>
	<floor x="39" y="59" />
	<cloak x="-5" y="2" />
</offsets>
<weaponMounts>
	<mount x="574" y="218" rotate="true" mirror="true" gib="-1" slide="up" />
	<mount x="577" y="343" rotate="true" mirror="true" gib="-1" slide="up" />
	<mount x="575" y="138" rotate="true" mirror="false" gib="-1" slide="down" />
	<mount x="571" y="398" rotate="true" mirror="false" gib="-1" slide="down" />
</weaponMounts>
<explosion />

