<?xml version="1.0" encoding="UTF-8"?>

<!--Copyright (c) 2012 by Subset Games. All rights reserved.-->
<img x="-100" y="-95" w="619" h="619" />
<offsets>
	<floor x="94" y="89" />
	<cloak x="-7" y="74" />
</offsets>
<weaponMounts>
	<mount x="593" y="284" rotate="true" mirror="true" gib="-1" slide="up" />
	<mount x="593" y="328" rotate="true" mirror="false" gib="-1" slide="down" />
	<mount x="535" y="438" rotate="true" mirror="false" gib="-1" slide="down" />
	<mount x="535" y="173" rotate="true" mirror="true" gib="-1" slide="up" />
</weaponMounts>
<explosion />

