<?xml version="1.0" encoding="UTF-8"?>

<!--Copyright (c) 2012 by Subset Games. All rights reserved.-->
<img x="-82" y="-34" w="399" h="488" />
<offsets>
	<floor x="77" y="28" />
	<cloak x="-25" y="-25" />
</offsets>
<weaponMounts>
	<mount x="369" y="137" rotate="true" mirror="true" gib="-1" slide="up" />
	<mount x="369" y="352" rotate="true" mirror="false" gib="-1" slide="down" />
	<mount x="223" y="476" rotate="true" mirror="false" gib="-1" slide="down" />
	<mount x="223" y="11" rotate="true" mirror="true" gib="-1" slide="up" />
</weaponMounts>
<explosion />

