<?xml version="1.0" encoding="UTF-8"?>

<!--Copyright (c) 2012 by Subset Games. All rights reserved.-->
<img x="-29" y="-4" w="443" h="551" />
<offsets>
	<floor x="221" y="275" />
	<cloak x="-21" y="-21" />
</offsets>
<weaponMounts>
	<mount x="134" y="32" rotate="false" mirror="true" gib="-1" slide="left" />
	<mount x="310" y="32" rotate="false" mirror="false" gib="-1" slide="right" />
	<mount x="40" y="122" rotate="false" mirror="true" gib="-1" slide="left" />
	<mount x="402" y="122" rotate="false" mirror="false" gib="-1" slide="right" />
</weaponMounts>

<thrusters sync="true">
    <thruster x="90" y="537">fr_apparition_prince_thrusters</thruster>
    <thruster x="333" y="537">fr_apparition_prince_thrusters</thruster>
    <thruster x="126" y="529">fr_apparition_prince_thrusters</thruster>
    <thruster x="297" y="529">fr_apparition_prince_thrusters</thruster>
    <thruster x="291" y="170">fr_apparition_prince_thrusters</thruster>
    <thruster x="132" y="170">fr_apparition_prince_thrusters</thruster>
    <thruster x="254" y="154">fr_apparition_prince_thrusters</thruster>
    <thruster x="169" y="154">fr_apparition_prince_thrusters</thruster>
</thrusters>
<explosion />

