<?xml version="1.0" encoding="UTF-8"?>

<!--Copyright (c) 2012 by Subset Games. All rights reserved.-->
<img x="-8" y="-26" w="476" h="490" />
<offsets>
	<floor x="238" y="245" />
	<cloak x="-7" y="-4" />
</offsets>
<weaponMounts>
	<mount x="144" y="27" rotate="false" mirror="true" gib="-1" slide="left" />
	<mount x="328" y="27" rotate="false" mirror="false" gib="-1" slide="right" />
	<mount x="377" y="112" rotate="false" mirror="false" gib="-1" slide="right" />
	<mount x="94" y="112" rotate="false" mirror="true" gib="-1" slide="left" />
	<mount x="32" y="107" rotate="false" mirror="false" gib="-1" slide="no" />
	<mount x="56" y="12" rotate="false" mirror="false" gib="-1" slide="no" />
	<mount x="388" y="17" rotate="false" mirror="false" gib="-1" slide="no" />
	<mount x="412" y="106" rotate="false" mirror="false" gib="-1" slide="no" />
</weaponMounts>
<explosion />

