<?xml version="1.0" encoding="UTF-8"?>

<!--Copyright (c) 2012 by Subset Games. All rights reserved.-->
<img x="-21" y="-23" w="308" h="543" />
<offsets>
	<floor x="154" y="271" />
	<cloak x="-25" y="-25" />
</offsets>
<weaponMounts>
	<mount x="142" y="50" rotate="false" mirror="true" gib="-1" slide="left" />
	<mount x="207" y="27" rotate="false" mirror="false" gib="-1" slide="right" />
	<mount x="273" y="78" rotate="false" mirror="false" gib="-1" slide="right" />
	<mount x="68" y="69" rotate="false" mirror="true" gib="-1" slide="left" />
</weaponMounts>
<explosion />

