<?xml version="1.0" encoding="UTF-8"?>

<!--Copyright (c) 2012 by Subset Games. All rights reserved.-->
<img x="-55" y="-31" w="566" h="566" />
<offsets>
	<floor x="283" y="283" />
	<cloak x="28" y="-27" />
</offsets>
<weaponMounts>
	<mount x="324" y="61" rotate="false" mirror="false" gib="-1" slide="right" />
	<mount x="243" y="61" rotate="false" mirror="true" gib="-1" slide="left" />
	<mount x="30" y="235" rotate="false" mirror="true" gib="-1" slide="left" />
	<mount x="536" y="230" rotate="false" mirror="false" gib="-1" slide="right" />
	<mount x="89" y="100" rotate="false" mirror="false" gib="-1" slide="no" />
	<mount x="176" y="54" rotate="false" mirror="false" gib="-1" slide="no" />
	<mount x="357" y="54" rotate="false" mirror="false" gib="-1" slide="no" />
	<mount x="444" y="100" rotate="false" mirror="false" gib="-1" slide="no" />
</weaponMounts>
<explosion />

