<?xml version="1.0" encoding="UTF-8"?>

<!--Copyright (c) 2012 by Subset Games. All rights reserved.-->
<img x="-19" y="-13" w="258" h="430" />
<offsets>
	<floor x="129" y="215" />
	<cloak x="0" y="0" />
</offsets>
<weaponMounts>
	<mount x="24" y="159" rotate="false" mirror="true" gib="-1" slide="left" />
	<mount x="226" y="159" rotate="false" mirror="false" gib="-1" slide="right" />
	<mount x="24" y="253" rotate="false" mirror="true" gib="-1" slide="left" />
	<mount x="226" y="253" rotate="false" mirror="false" gib="-1" slide="right" />
</weaponMounts>
<explosion />

