<?xml version="1.0" encoding="UTF-8"?>

<!--Copyright (c) 2012 by Subset Games. All rights reserved.-->
<img x="-33" y="-11" w="277" h="490" />
<offsets>
	<floor x="138" y="245" />
	<cloak x="-25" y="-25" />
</offsets>
<weaponMounts>
	<mount x="93" y="12" rotate="false" mirror="true" gib="-1" slide="left" />
	<mount x="185" y="12" rotate="false" mirror="false" gib="-1" slide="right" />
	<mount x="40" y="63" rotate="false" mirror="true" gib="-1" slide="left" />
	<mount x="236" y="63" rotate="false" mirror="false" gib="-1" slide="right" />
	<mount x="16" y="118" rotate="false" mirror="true" gib="-1" slide="left" />
	<mount x="261" y="118" rotate="false" mirror="false" gib="-1" slide="right" />
	<mount x="6" y="172" rotate="false" mirror="true" gib="-1" slide="left" />
	<mount x="270" y="172" rotate="false" mirror="false" gib="-1" slide="right" />
</weaponMounts>
<explosion />

