<?xml version="1.0" encoding="UTF-8"?>

<!--Copyright (c) 2012 by Subset Games. All rights reserved.-->
<img x="-52" y="-45" w="401" h="373" />
<offsets>
	<floor x="200" y="186" />
	<cloak x="4" y="19" />
</offsets>
<weaponMounts>
	<mount x="25" y="86" rotate="false" mirror="true" gib="-1" slide="left" />
	<mount x="359" y="86" rotate="false" mirror="false" gib="-1" slide="right" />
	<mount x="24" y="241" rotate="false" mirror="true" gib="-1" slide="left" />
	<mount x="360" y="241" rotate="false" mirror="false" gib="-1" slide="right" />
</weaponMounts>
<explosion />

