<?xml version="1.0" encoding="UTF-8"?>

<!--Copyright (c) 2012 by Subset Games. All rights reserved.-->
<img x="-27" y="-51" w="419" h="449" />
<offsets>
	<floor x="21" y="44" />
	<cloak x="-16" y="-26" />
</offsets>
<weaponMounts>
	<mount x="366" y="45" rotate="true" mirror="true" gib="-1" slide="up" />
	<mount x="366" y="405" rotate="true" mirror="false" gib="-1" slide="down" />
	<mount x="301" y="13" rotate="true" mirror="true" gib="-1" slide="up" />
	<mount x="301" y="438" rotate="true" mirror="false" gib="-1" slide="down" />
</weaponMounts>
<explosion />

