<?xml version="1.0" encoding="UTF-8"?>

<!--Copyright (c) 2012 by Subset Games. All rights reserved.-->
<img x="-61" y="-36" w="681" h="283" />
<offsets>
	<floor x="55" y="30" />
	<cloak x="-25" y="-25" />
</offsets>
<weaponMounts>
	<mount x="626" y="32" rotate="true" mirror="true" gib="-1" slide="up" />
	<mount x="626" y="253" rotate="true" mirror="false" gib="-1" slide="down" />
	<mount x="491" y="3" rotate="true" mirror="true" gib="-1" slide="up" />
	<mount x="491" y="281" rotate="true" mirror="false" gib="-1" slide="down" />
</weaponMounts>
<explosion />

