<?xml version="1.0" encoding="UTF-8"?>

<!--Copyright (c) 2012 by Subset Games. All rights reserved.-->
<img x="-45" y="-31" w="543" h="308" />
<offsets>
	<floor x="39" y="26" />
	<cloak x="-25" y="-25" />
</offsets>
<weaponMounts>
	<mount x="511" y="139" rotate="true" mirror="true" gib="-1" slide="up" />
	<mount x="511" y="219" rotate="true" mirror="false" gib="-1" slide="down" />
	<mount x="460" y="277" rotate="true" mirror="false" gib="-1" slide="down" />
	<mount x="460" y="56" rotate="true" mirror="true" gib="-1" slide="up" />
</weaponMounts>
<explosion />

