<?xml version="1.0" encoding="UTF-8"?>

<!--Copyright (c) 2012 by Subset Games. All rights reserved.-->
<img x="-28" y="-28" w="511" h="371" />
<offsets>
	<floor x="22" y="22" />
	<cloak x="-25" y="-25" />
</offsets>
<weaponMounts>
	<mount x="441" y="69" rotate="true" mirror="true" gib="-1" slide="up" />
	<mount x="441" y="303" rotate="true" mirror="false" gib="-1" slide="down" />
	<mount x="356" y="366" rotate="true" mirror="false" gib="-1" slide="down" />
	<mount x="356" y="5" rotate="true" mirror="true" gib="-1" slide="up" />
	<mount x="495" y="185" rotate="true" mirror="false" gib="-1" slide="no" />
</weaponMounts>
<explosion />

