<?xml version="1.0" encoding="UTF-8"?>

<!--Copyright (c) 2012 by Subset Games. All rights reserved.-->
<img x="-54" y="-15" w="547" h="382" />
<offsets>
	<floor x="48" y="9" />
	<cloak x="-31" y="-38" />
</offsets>
<weaponMounts>
	<mount x="526" y="175" rotate="true" mirror="true" gib="-1" slide="up" />
	<mount x="526" y="209" rotate="true" mirror="false" gib="-1" slide="down" />
	<mount x="359" y="242" rotate="true" mirror="false" gib="-1" slide="down" />
	<mount x="359" y="141" rotate="true" mirror="true" gib="-1" slide="up" />
	<mount x="482" y="183" rotate="true" mirror="false" gib="-1" slide="no" />
</weaponMounts>

<thrusters sync="true">
    <thruster x="19" y="176">mup_fed_stealth_thrusters</thruster>
</thrusters>
<explosion />

