<?xml version="1.0" encoding="UTF-8"?>

<!--Copyright (c) 2012 by Subset Games. All rights reserved.-->
<img x="-85" y="-35" w="471" h="491" />
<offsets>
	<floor x="79" y="29" />
	<cloak x="-25" y="-25" />
</offsets>
<weaponMounts>
	<mount x="415" y="393" rotate="true" mirror="false" gib="-1" slide="down" />
	<mount x="415" y="95" rotate="true" mirror="true" gib="-1" slide="up" />
	<mount x="311" y="22" rotate="true" mirror="true" gib="-1" slide="up" />
	<mount x="311" y="469" rotate="true" mirror="false" gib="-1" slide="down" />
</weaponMounts>
<explosion />

