<?xml version="1.0" encoding="UTF-8"?>

<!--Copyright (c) 2012 by Subset Games. All rights reserved.-->
<img x="-106" y="-16" w="700" h="418" />
<offsets>
	<floor x="100" y="11" />
	<cloak x="0" y="0" />
</offsets>
<weaponMounts>
	<mount x="642" y="275" rotate="true" mirror="false" gib="-1" slide="down" />
	<mount x="444" y="351" rotate="true" mirror="false" gib="-1" slide="down" />
	<mount x="444" y="67" rotate="true" mirror="true" gib="-1" slide="up" />
	<mount x="642" y="145" rotate="true" mirror="true" gib="-1" slide="up" />
</weaponMounts>

<thrusters sync="true">
    <thruster x="22" y="44">fr_snowman_ice_side_thrusters</thruster>
    <thruster x="231" y="193">fr_snowman_mixed_middle_thrusters</thruster>
    <thruster x="22" y="340">fr_snowman_fire_side_thrusters</thruster>
</thrusters>
<explosion />

