<?xml version="1.0" encoding="UTF-8"?>

<!--Copyright (c) 2012 by Subset Games. All rights reserved.-->
<img x="-78" y="-50" w="721" h="457" />
<offsets>
	<floor x="72" y="44" />
	<cloak x="17" y="19" />
</offsets>
<weaponMounts>
	<mount x="687" y="85" rotate="true" mirror="true" gib="-1" slide="up" />
	<mount x="579" y="344" rotate="true" mirror="false" gib="-1" slide="down" />
	<mount x="381" y="424" rotate="true" mirror="false" gib="-1" slide="down" />
	<mount x="540" y="32" rotate="true" mirror="true" gib="-1" slide="up" />
</weaponMounts>
<explosion />

