<?xml version="1.0" encoding="UTF-8"?>
<!--Copyright (c) 2012 by Subset Games. All rights reserved.-->
<img x="-103" y="-97" w="681" h="529" />
<offsets>
	<floor x="97" y="91" />
	<cloak x="0" y="0" />
</offsets>
<weaponMounts>
	<mount x="423" y="102" rotate="true" mirror="true" gib="4" slide="up" />
	<mount x="423" y="475" rotate="true" mirror="false" gib="5" slide="down" />
	<mount x="542" y="143" rotate="true" mirror="true" gib="3" slide="up" />
	<mount x="542" y="434" rotate="true" mirror="false" gib="5" slide="down" />
	<mount x="515" y="219" rotate="true" mirror="false" gib="3" slide="no" />
</weaponMounts>
<explosion><gib1>
		<velocity min="0.22331264893180483" max="0.7443754964393494" />
		<direction min="130" max="146" />
		<angular min="-0.8835510318489191" max="0.8835510318489191" />
		<x>86</x>
		<y>288</y>
	</gib1><gib2>
		<velocity min="0.2699904821761923" max="0.899968273920641" />
		<direction min="70" max="86" />
		<angular min="-1.0971971196728085" max="1.0971971196728085" />
		<x>86</x>
		<y>102</y>
	</gib2><gib3>
		<velocity min="0.44999999999999996" max="1.5" />
		<direction min="289" max="305" />
		<angular min="-1.5727472870150927" max="1.5727472870150927" />
		<x>405</x>
		<y>101</y>
	</gib3><gib4>
		<velocity min="0.1" max="0.23112800758592242" />
		<direction min="5" max="21" />
		<angular min="-0.756178838628424" max="0.756178838628424" />
		<x>180</x>
		<y>84</y>
	</gib4><gib5>
		<velocity min="0.31735448213846357" max="1.0578482737948787" />
		<direction min="216" max="232" />
		<angular min="-1.069033447793463" max="1.069033447793463" />
		<x>337</x>
		<y>325</y>
	</gib5></explosion>














