<?xml version="1.0" encoding="UTF-8"?>

<!--Copyright (c) 2012 by Subset Games. All rights reserved.-->
<img x="-110" y="-26" w="541" h="334" />
<offsets>
	<floor x="103" y="20" />
	<cloak x="-25" y="-24" />
</offsets>
<weaponMounts>
	<mount x="524" y="32" rotate="true" mirror="true" gib="-1" slide="up" />
	<mount x="524" y="306" rotate="true" mirror="false" gib="-1" slide="down" />
	<mount x="460" y="4" rotate="true" mirror="true" gib="-1" slide="up" />
	<mount x="460" y="329" rotate="true" mirror="false" gib="-1" slide="down" />
</weaponMounts>
<explosion />

