<?xml version="1.0" encoding="UTF-8"?>

<!--Copyright (c) 2012 by Subset Games. All rights reserved.-->
<img x="-132" y="-57" w="710" h="401" />
<offsets>
	<floor x="126" y="50" />
	<cloak x="0" y="0" />
</offsets>
<weaponMounts>
	<mount x="281" y="29" rotate="true" mirror="true" gib="-1" slide="up" />
	<mount x="260" y="373" rotate="true" mirror="false" gib="-1" slide="down" />
	<mount x="584" y="101" rotate="true" mirror="true" gib="-1" slide="up" />
	<mount x="570" y="301" rotate="true" mirror="false" gib="-1" slide="down" />
	<mount x="369" y="126" rotate="true" mirror="false" gib="-1" slide="no" />
</weaponMounts>
<explosion />

