<?xml version="1.0" encoding="UTF-8"?>

<!--Copyright (c) 2012 by Subset Games. All rights reserved.-->
<img x="-59" y="-55" w="511" h="566" />
<offsets>
	<floor x="54" y="50" />
	<cloak x="29" y="28" />
</offsets>
<weaponMounts>
	<mount x="469" y="251" rotate="true" mirror="true" gib="-1" slide="up" />
	<mount x="469" y="315" rotate="true" mirror="false" gib="-1" slide="down" />
	<mount x="292" y="535" rotate="true" mirror="false" gib="-1" slide="down" />
	<mount x="292" y="32" rotate="true" mirror="true" gib="-1" slide="up" />
	<mount x="411" y="89" rotate="true" mirror="false" gib="-1" slide="no" />
	<mount x="457" y="176" rotate="true" mirror="false" gib="-1" slide="no" />
	<mount x="457" y="357" rotate="true" mirror="false" gib="-1" slide="no" />
	<mount x="411" y="444" rotate="true" mirror="false" gib="-1" slide="no" />
</weaponMounts>
<explosion />

