<?xml version="1.0" encoding="UTF-8"?>

<!--Copyright (c) 2012 by Subset Games. All rights reserved.-->
<img x="-99" y="-21" w="543" h="308" />
<offsets>
	<floor x="93" y="15" />
	<cloak x="-25" y="-25" />
</offsets>
<weaponMounts>
	<mount x="476" y="71" rotate="true" mirror="true" gib="-1" slide="up" />
	<mount x="516" y="208" rotate="true" mirror="false" gib="-1" slide="down" />
	<mount x="316" y="7" rotate="true" mirror="true" gib="-1" slide="up" />
	<mount x="449" y="276" rotate="true" mirror="false" gib="-1" slide="down" />
</weaponMounts>
<explosion />

