<?xml version="1.0" encoding="UTF-8"?>

<!--Copyright (c) 2012 by Subset Games. All rights reserved.-->
<img x="-63" y="-59" w="650" h="469" />
<offsets>
	<floor x="58" y="53" />
	<cloak x="0" y="-6" />
</offsets>
<weaponMounts>
	<mount x="607" y="212" rotate="true" mirror="true" gib="-1" slide="up" />
	<mount x="607" y="257" rotate="true" mirror="false" gib="-1" slide="down" />
	<mount x="223" y="405" rotate="true" mirror="false" gib="-1" slide="down" />
	<mount x="223" y="65" rotate="true" mirror="true" gib="-1" slide="up" />
</weaponMounts>
<explosion />

