<?xml version="1.0" encoding="UTF-8"?>

<!--Copyright (c) 2012 by Subset Games. All rights reserved.-->
<img x="-81" y="-112" w="681" h="529" />
<offsets>
	<floor x="76" y="106" />
	<cloak x="1" y="-1" />
</offsets>
<weaponMounts>
	<mount x="561" y="141" rotate="true" mirror="true" gib="-1" slide="up" />
	<mount x="561" y="437" rotate="true" mirror="false" gib="-1" slide="down" />
	<mount x="451" y="478" rotate="true" mirror="false" gib="-1" slide="down" />
	<mount x="451" y="100" rotate="true" mirror="true" gib="-1" slide="up" />
	<mount x="515" y="218" rotate="true" mirror="false" gib="-1" slide="no" />
</weaponMounts>
<explosion />

