<?xml version="1.0" encoding="UTF-8"?>

<!--Copyright (c) 2012 by Subset Games. All rights reserved.-->
<img x="-18" y="-20" w="440" h="325" />
<offsets>
	<floor x="13" y="15" />
	<cloak x="-10" y="-10" />
</offsets>
<weaponMounts>
	<mount x="389" y="225" rotate="true" mirror="true" gib="-1" slide="up" />
	<mount x="348" y="290" rotate="true" mirror="false" gib="-1" slide="down" />
	<mount x="338" y="75" rotate="true" mirror="true" gib="-1" slide="up" />
	<mount x="272" y="290" rotate="true" mirror="false" gib="-1" slide="down" />
</weaponMounts>
<explosion />

