<?xml version="1.0" encoding="UTF-8"?>

<!--Copyright (c) 2012 by Subset Games. All rights reserved.-->
<img x="-126" y="-58" w="603" h="606" />
<offsets>
	<floor x="301" y="303" />
	<cloak x="0" y="0" />
</offsets>
<weaponMounts>
	<mount x="270" y="110" rotate="false" mirror="true" gib="-1" slide="left" />
	<mount x="333" y="110" rotate="false" mirror="false" gib="-1" slide="right" />
	<mount x="458" y="99" rotate="false" mirror="false" gib="-1" slide="right" />
	<mount x="145" y="99" rotate="false" mirror="true" gib="-1" slide="left" />
</weaponMounts>
<explosion />

