<?xml version="1.0" encoding="UTF-8"?>

<!--Copyright (c) 2012 by Subset Games. All rights reserved.-->
<img x="-58" y="-61" w="469" h="650" />
<offsets>
	<floor x="234" y="325" />
	<cloak x="-6" y="-11" />
</offsets>
<weaponMounts>
	<mount x="208" y="51" rotate="false" mirror="true" gib="-1" slide="left" />
	<mount x="261" y="51" rotate="false" mirror="false" gib="-1" slide="right" />
	<mount x="295" y="118" rotate="false" mirror="false" gib="-1" slide="right" />
	<mount x="175" y="118" rotate="false" mirror="true" gib="-1" slide="left" />
</weaponMounts>
<explosion />

