<?xml version="1.0" encoding="UTF-8"?>

<!--Copyright (c) 2012 by Subset Games. All rights reserved.-->
<img x="-55" y="-36" w="325" h="440" />
<offsets>
	<floor x="162" y="220" />
	<cloak x="-10" y="-10" />
</offsets>
<weaponMounts>
	<mount x="73" y="108" rotate="false" mirror="true" gib="-1" slide="left" />
	<mount x="288" y="98" rotate="false" mirror="false" gib="-1" slide="right" />
	<mount x="288" y="155" rotate="false" mirror="false" gib="-1" slide="right" />
	<mount x="32" y="240" rotate="false" mirror="true" gib="-1" slide="left" />
</weaponMounts>
<explosion />

