<?xml version="1.0" encoding="UTF-8"?>

<!--Copyright (c) 2012 by Subset Games. All rights reserved.-->
<img x="-37" y="-2" w="249" h="344" />
<offsets>
	<floor x="124" y="172" />
	<cloak x="0" y="0" />
</offsets>
<weaponMounts>
	<mount x="213" y="58" rotate="false" mirror="false" gib="-1" slide="up" />
	<mount x="36" y="56" rotate="false" mirror="true" gib="-1" slide="up" />
	<mount x="177" y="21" rotate="false" mirror="false" gib="-1" slide="up" />
	<mount x="72" y="20" rotate="false" mirror="true" gib="-1" slide="up" />
</weaponMounts>
<explosion />

