<?xml version="1.0" encoding="UTF-8"?>

<!--Copyright (c) 2012 by Subset Games. All rights reserved.-->
<img x="-31" y="-36" w="412" h="350" />
<offsets>
	<floor x="206" y="175" />
	<cloak x="0" y="0" />
</offsets>
<weaponMounts>
	<mount x="314" y="54" rotate="false" mirror="false" gib="-1" slide="up" />
	<mount x="99" y="55" rotate="false" mirror="true" gib="-1" slide="up" />
	<mount x="57" y="97" rotate="false" mirror="true" gib="-1" slide="up" />
	<mount x="357" y="98" rotate="false" mirror="false" gib="-1" slide="up" />
</weaponMounts>
<explosion />

