<?xml version="1.0" encoding="UTF-8"?>

<!--Copyright (c) 2012 by Subset Games. All rights reserved.-->
<img x="-28" y="1" w="303" h="384" />
<offsets>
	<floor x="151" y="192" />
	<cloak x="0" y="0" />
</offsets>
<weaponMounts>
	<mount x="227" y="36" rotate="false" mirror="false" gib="-1" slide="up" />
	<mount x="77" y="36" rotate="false" mirror="true" gib="-1" slide="up" />
	<mount x="43" y="70" rotate="false" mirror="true" gib="-1" slide="up" />
	<mount x="257" y="67" rotate="false" mirror="false" gib="-1" slide="up" />
</weaponMounts>
<explosion />

