<?xml version="1.0" encoding="UTF-8"?>

<!--Copyright (c) 2012 by Subset Games. All rights reserved.-->
<img x="-17" y="-47" w="175" h="205" />
<offsets>
	<floor x="87" y="102" />
	<cloak x="-7" y="15" />
</offsets>
<weaponMounts>
	<mount x="50" y="64" rotate="false" mirror="true" gib="-1" slide="left" />
	<mount x="125" y="64" rotate="false" mirror="false" gib="-1" slide="right" />
	<mount x="20" y="117" rotate="false" mirror="true" gib="-1" slide="left" />
	<mount x="155" y="117" rotate="false" mirror="false" gib="-1" slide="right" />
</weaponMounts>
<explosion />

