<?xml version="1.0" encoding="UTF-8"?>

<!--Copyright (c) 2012 by Subset Games. All rights reserved.-->
<img x="-20" y="-19" w="285" h="320" />
<offsets>
	<floor x="142" y="160" />
	<cloak x="-25" y="-25" />
</offsets>
<weaponMounts>
	<mount x="116" y="106" rotate="false" mirror="true" gib="-1" slide="up" />
	<mount x="169" y="106" rotate="false" mirror="false" gib="-1" slide="up" />
	<mount x="78" y="129" rotate="false" mirror="true" gib="-1" slide="left" />
	<mount x="208" y="129" rotate="false" mirror="false" gib="-1" slide="right" />
</weaponMounts>
<explosion />

