<?xml version="1.0" encoding="UTF-8"?>

<!--Copyright (c) 2012 by Subset Games. All rights reserved.-->
<img x="-32" y="-19" w="420" h="500" />
<offsets>
	<floor x="210" y="250" />
	<cloak x="0" y="0" />
</offsets>
<weaponMounts>
	<mount x="5" y="76" rotate="false" mirror="true" gib="-1" slide="left" />
	<mount x="409" y="76" rotate="false" mirror="false" gib="-1" slide="right" />
	<mount x="5" y="429" rotate="false" mirror="true" gib="-1" slide="left" />
	<mount x="409" y="429" rotate="false" mirror="false" gib="-1" slide="right" />
</weaponMounts>
<explosion />

