<?xml version="1.0" encoding="UTF-8"?>

<!--Copyright (c) 2012 by Subset Games. All rights reserved.-->
<img x="-25" y="-18" w="390" h="361" />
<offsets>
	<floor x="195" y="180" />
	<cloak x="-19" y="-19" />
</offsets>
<weaponMounts>
	<mount x="41" y="68" rotate="false" mirror="true" gib="-1" slide="left" />
	<mount x="350" y="68" rotate="false" mirror="false" gib="-1" slide="right" />
	<mount x="0" y="268" rotate="false" mirror="true" gib="-1" slide="left" />
	<mount x="390" y="268" rotate="false" mirror="false" gib="-1" slide="right" />
	<mount x="187" y="80" rotate="false" mirror="false" gib="-1" slide="no" />
</weaponMounts>
<explosion />

