<?xml version="1.0" encoding="UTF-8"?>

<!--Copyright (c) 2012 by Subset Games. All rights reserved.-->
<img x="-19" y="-28" w="179" h="179" />
<offsets>
	<floor x="89" y="89" />
	<cloak x="-16" y="-25" />
</offsets>
<weaponMounts>
	<mount x="36" y="24" rotate="false" mirror="true" gib="-1" slide="left" />
	<mount x="141" y="24" rotate="false" mirror="false" gib="-1" slide="right" />
	<mount x="14" y="87" rotate="false" mirror="true" gib="-1" slide="left" />
	<mount x="165" y="87" rotate="false" mirror="false" gib="-1" slide="right" />
</weaponMounts>
<explosion />

