<?xml version="1.0" encoding="UTF-8"?>

<!--Copyright (c) 2012 by Subset Games. All rights reserved.-->
<img x="-39" y="-40" w="394" h="347" />
<offsets>
	<floor x="197" y="173" />
	<cloak x="0" y="0" />
</offsets>
<weaponMounts>
	<mount x="10" y="90" rotate="false" mirror="true" gib="-1" slide="left" />
	<mount x="383" y="90" rotate="false" mirror="false" gib="-1" slide="right" />
	<mount x="11" y="240" rotate="false" mirror="true" gib="-1" slide="left" />
	<mount x="383" y="240" rotate="false" mirror="false" gib="-1" slide="right" />
</weaponMounts>
<explosion />

