<?xml version="1.0" encoding="UTF-8"?>

<!--Copyright (c) 2012 by Subset Games. All rights reserved.-->
<img x="-70" y="-35" w="491" h="471" />
<offsets>
	<floor x="245" y="235" />
	<cloak x="-25" y="-25" />
</offsets>
<weaponMounts>
	<mount x="92" y="65" rotate="false" mirror="true" gib="-1" slide="left" />
	<mount x="400" y="65" rotate="false" mirror="false" gib="-1" slide="right" />
	<mount x="22" y="180" rotate="false" mirror="true" gib="-1" slide="left" />
	<mount x="469" y="180" rotate="false" mirror="false" gib="-1" slide="right" />
</weaponMounts>
<explosion />

