<?xml version="1.0" encoding="UTF-8"?>

<!--Copyright (c) 2012 by Subset Games. All rights reserved.-->
<img x="-114" y="-110" w="600" h="606" />
<offsets>
	<floor x="109" y="105" />
	<cloak x="18" y="17" />
</offsets>
<weaponMounts>
	<mount x="487" y="426" rotate="true" mirror="false" gib="-1" slide="down" />
	<mount x="487" y="180" rotate="true" mirror="true" gib="-1" slide="up" />
	<mount x="370" y="107" rotate="true" mirror="true" gib="-1" slide="up" />
	<mount x="370" y="501" rotate="true" mirror="false" gib="-1" slide="down" />
</weaponMounts>
<explosion />

