<?xml version="1.0" encoding="UTF-8"?>

<!--Copyright (c) 2012 by Subset Games. All rights reserved.-->
<img x="-16" y="-9" w="541" h="437" />
<offsets>
	<floor x="10" y="2" />
	<cloak x="-22" y="-19" />
</offsets>
<weaponMounts>
	<mount x="516" y="203" rotate="true" mirror="true" gib="-1" slide="up" />
	<mount x="516" y="234" rotate="true" mirror="false" gib="-1" slide="down" />
	<mount x="480" y="184" rotate="true" mirror="true" gib="-1" slide="up" />
	<mount x="480" y="254" rotate="true" mirror="false" gib="-1" slide="down" />
	<mount x="395" y="159" rotate="true" mirror="true" gib="-1" slide="no" />
	<mount x="395" y="280" rotate="true" mirror="false" gib="-1" slide="no" />
</weaponMounts>

<thrusters sync="true">
    <thruster x="-88" y="167" irotate="true">fr_tririac_b_main_thruster</thruster>
	<thruster x="44" y="93" irotate="true">fr_tririac_b_midside_thruster</thruster>
	<thruster x="44" y="299" irotate="true">fr_tririac_b_midside_thruster</thruster>
	<thruster x="110" y="12" irotate="true">fr_tririac_b_far_thruster</thruster>
	<thruster x="110" y="372" irotate="true">fr_tririac_b_far_thruster</thruster>
	<thruster x="-30" y="185" irotate="true">fr_tririac_b_top_thruster</thruster>
</thrusters>

<explosion />

