<?xml version="1.0" encoding="UTF-8"?>

<!--Copyright (c) 2012 by Subset Games. All rights reserved.-->
<img x="-65" y="-51" w="487" h="386" />
<offsets>
	<floor x="60" y="46" />
	<cloak x="0" y="9" />
</offsets>
<weaponMounts>
	<mount x="354" y="27" rotate="true" mirror="true" gib="-1" slide="up" />
	<mount x="354" y="360" rotate="true" mirror="false" gib="-1" slide="down" />
	<mount x="370" y="157" rotate="true" mirror="false" gib="-1" slide="down" />
	<mount x="370" y="228" rotate="true" mirror="true" gib="-1" slide="up" />
	<mount x="285" y="21" rotate="true" mirror="true" gib="-1" slide="up" />
</weaponMounts>
<explosion />

