<?xml version="1.0" encoding="UTF-8"?>

<!--Copyright (c) 2012 by Subset Games. All rights reserved.-->
<img x="-89" y="-95" w="681" h="529" />
<offsets>
	<floor x="83" y="89" />
	<cloak x="0" y="-1" />
</offsets>
<weaponMounts>
	<mount x="567" y="139" rotate="true" mirror="true" gib="-1" slide="up" />
	<mount x="567" y="438" rotate="true" mirror="false" gib="-1" slide="down" />
	<mount x="463" y="479" rotate="true" mirror="false" gib="-1" slide="down" />
	<mount x="463" y="99" rotate="true" mirror="true" gib="-1" slide="up" />
	<mount x="514" y="217" rotate="true" mirror="false" gib="-1" slide="no" />
</weaponMounts>
<explosion />

