<?xml version="1.0" encoding="UTF-8"?>

<!--Copyright (c) 2012 by Subset Games. All rights reserved.-->
<img x="-4" y="-48" w="583" h="481" />
<offsets>
	<floor x="-2" y="42" />
	<cloak x="-25" y="-25" />
</offsets>
<weaponMounts>
	<mount x="436" y="173" rotate="true" mirror="true" gib="-1" slide="up" />
	<mount x="436" y="308" rotate="true" mirror="false" gib="-1" slide="down" />
	<mount x="554" y="418" rotate="true" mirror="false" gib="-1" slide="down" />
	<mount x="554" y="63" rotate="true" mirror="true" gib="-1" slide="up" />
</weaponMounts>
<explosion />

