<?xml version="1.0" encoding="UTF-8"?>

<!--Copyright (c) 2012 by Subset Games. All rights reserved.-->
<img x="-67" y="-41" w="650" h="469" />
<offsets>
	<floor x="61" y="35" />
	<cloak x="0" y="-6" />
</offsets>
<weaponMounts>
	<mount x="605" y="202" rotate="true" mirror="true" gib="-1" slide="up" />
	<mount x="605" y="260" rotate="true" mirror="false" gib="-1" slide="down" />
	<mount x="213" y="407" rotate="true" mirror="false" gib="-1" slide="down" />
	<mount x="213" y="62" rotate="true" mirror="true" gib="-1" slide="up" />
</weaponMounts>
<explosion />

