<?xml version="1.0" encoding="UTF-8"?>

<!--Copyright (c) 2012 by Subset Games. All rights reserved.-->
<img x="-53" y="-45" w="440" h="325" />
<offsets>
	<floor x="46" y="38" />
	<cloak x="-10" y="-10" />
</offsets>
<weaponMounts>
	<mount x="337" y="70" rotate="true" mirror="true" gib="-1" slide="up" />
	<mount x="337" y="292" rotate="true" mirror="false" gib="-1" slide="down" />
	<mount x="237" y="291" rotate="true" mirror="false" gib="-1" slide="down" />
	<mount x="202" y="30" rotate="true" mirror="true" gib="-1" slide="up" />
</weaponMounts>
<explosion />

