<?xml version="1.0" encoding="UTF-8"?>

<!--Copyright (c) 2012 by Subset Games. All rights reserved.-->
<img x="-60" y="-126" w="606" h="603" />
<offsets>
	<floor x="55" y="120" />
	<cloak x="0" y="0" />
</offsets>
<weaponMounts>
	<mount x="499" y="269" rotate="true" mirror="true" gib="-1" slide="right" />
	<mount x="499" y="335" rotate="true" mirror="false" gib="-1" slide="right" />
	<mount x="502" y="464" rotate="true" mirror="false" gib="-1" slide="down" />
	<mount x="502" y="138" rotate="true" mirror="true" gib="-1" slide="up" />
</weaponMounts>
<explosion />

