<?xml version="1.0" encoding="UTF-8"?>

<!--Copyright (c) 2012 by Subset Games. All rights reserved.-->
<img x="-51" y="0" w="471" h="491" />
<offsets>
	<floor x="45" y="-6" />
	<cloak x="-25" y="-25" />
</offsets>
<weaponMounts>
	<mount x="370" y="66" rotate="true" mirror="true" gib="-1" slide="up" />
	<mount x="370" y="426" rotate="true" mirror="false" gib="-1" slide="down" />
	<mount x="274" y="18" rotate="true" mirror="true" gib="-1" slide="up" />
	<mount x="274" y="474" rotate="true" mirror="false" gib="-1" slide="down" />
	<mount x="297" y="248" rotate="true" mirror="false" gib="-1" slide="no" />
</weaponMounts>
<explosion />

