<?xml version="1.0" encoding="UTF-8"?>

<!--Copyright (c) 2012 by Subset Games. All rights reserved.-->
<img x="-19" y="-29" w="470" h="410" />
<offsets>
	<floor x="14" y="24" />
	<cloak x="-13" y="-66" />
</offsets>
<weaponMounts>
	<mount x="214" y="7" rotate="true" mirror="true" gib="-1" slide="up" />
	<mount x="214" y="405" rotate="true" mirror="false" gib="-1" slide="down" />
	<mount x="104" y="6" rotate="true" mirror="true" gib="-1" slide="up" />
	<mount x="104" y="404" rotate="true" mirror="false" gib="-1" slide="down" />
	<mount x="396" y="-47" rotate="true" mirror="false" gib="-1" slide="no" />
	<mount x="477" y="61" rotate="true" mirror="false" gib="-1" slide="no" />
	<mount x="505" y="171" rotate="true" mirror="false" gib="-1" slide="no" />
	<mount x="477" y="265" rotate="true" mirror="false" gib="-1" slide="no" />
	<mount x="375" y="358" rotate="true" mirror="false" gib="-1" slide="no" />
</weaponMounts>
<explosion />

