<?xml version="1.0" encoding="UTF-8"?>

<!--Copyright (c) 2012 by Subset Games. All rights reserved.-->
<img x="-67" y="-58" w="454" h="470" />
<offsets>
	<floor x="61" y="54" />
	<cloak x="-15" y="-6" />
</offsets>
<weaponMounts>
	<mount x="392" y="125" rotate="true" mirror="true" gib="-1" slide="up" />
	<mount x="392" y="344" rotate="true" mirror="false" gib="-1" slide="down" />
	<mount x="277" y="55" rotate="true" mirror="true" gib="-1" slide="up" />
	<mount x="277" y="414" rotate="true" mirror="false" gib="-1" slide="down" />
</weaponMounts>

<thrusters sync="true">
    <thruster x="23" y="214">fr_sally_a_thrusters_1</thruster>
    <thruster x="183" y="68">fr_sally_a_thrusters_2</thruster>
    <thruster x="183" y="390">fr_sally_a_thrusters_2</thruster>
    <thruster x="30" y="133">fr_sally_a_thrusters_3</thruster>
    <thruster x="30" y="326">fr_sally_a_thrusters_3</thruster>
    <thruster x="176" y="77">fr_sally_a_thrusters_3</thruster>
    <thruster x="176" y="382">fr_sally_a_thrusters_3</thruster>
    <thruster x="41" y="144">fr_sally_a_thrusters_4</thruster>
    <thruster x="41" y="317">fr_sally_a_thrusters_4</thruster>
</thrusters>
<explosion />

