<?xml version="1.0" encoding="UTF-8"?>

<!--Copyright (c) 2012 by Subset Games. All rights reserved.-->
<img x="-78" y="-55" w="566" h="566" />
<offsets>
	<floor x="73" y="50" />
	<cloak x="27" y="28" />
</offsets>
<weaponMounts>
	<mount x="407" y="498" rotate="true" mirror="false" gib="-1" slide="down" />
	<mount x="515" y="321" rotate="true" mirror="false" gib="-1" slide="down" />
	<mount x="515" y="249" rotate="true" mirror="true" gib="-1" slide="up" />
	<mount x="407" y="75" rotate="true" mirror="true" gib="-1" slide="up" />
	<mount x="466" y="444" rotate="true" mirror="false" gib="-1" slide="no" />
	<mount x="466" y="89" rotate="true" mirror="false" gib="-1" slide="no" />
	<mount x="512" y="357" rotate="true" mirror="false" gib="-1" slide="no" />
	<mount x="512" y="176" rotate="true" mirror="false" gib="-1" slide="no" />
</weaponMounts>
<explosion />

