<?xml version="1.0" encoding="UTF-8"?>

<!--Copyright (c) 2012 by Subset Games. All rights reserved.-->
<img x="-15" y="-14" w="508" h="404" />
<offsets>
	<floor x="9" y="9" />
	<cloak x="0" y="0" />
</offsets>
<weaponMounts>
	<mount x="402" y="2" rotate="true" mirror="true" gib="-1" slide="up" />
	<mount x="402" y="380" rotate="true" mirror="false" gib="-1" slide="down" />
	<mount x="167" y="380" rotate="true" mirror="false" gib="-1" slide="down" />
	<mount x="167" y="2" rotate="true" mirror="true" gib="-1" slide="up" />
</weaponMounts>
<explosion />

