<?xml version="1.0" encoding="UTF-8"?>

<!--Copyright (c) 2012 by Subset Games. All rights reserved.-->
<img x="-100" y="-120" w="600" h="628" />
<offsets>
	<floor x="94" y="115" />
	<cloak x="0" y="-30" />
</offsets>
<weaponMounts>
	<mount x="430" y="216" rotate="true" mirror="true" gib="-1" slide="up" />
	<mount x="430" y="410" rotate="true" mirror="false" gib="-1" slide="down" />
	<mount x="342" y="521" rotate="true" mirror="false" gib="-1" slide="down" />
	<mount x="342" y="106" rotate="true" mirror="true" gib="-1" slide="up" />
</weaponMounts>
<explosion />

